name,mass_1_source,mass_1_source_lower,mass_1_source_upper,mass_2_source,mass_2_source_lower,mass_2_source_upper,network_matched_filter_snr,network_matched_filter_snr_lower,network_matched_filter_snr_upper,luminosity_distance,luminosity_distance_lower,luminosity_distance_upper,chi_eff,chi_eff_lower,chi_eff_upper,total_mass_source,total_mass_source_lower,total_mass_source_upper,chirp_mass_source,chirp_mass_source_lower,chirp_mass_source_upper,redshift,redshift_lower,redshift_upper,far,p_astro,final_mass_source,final_mass_source_lower,final_mass_source_upper
GW250120_042414,,,,,,,8.7,,,,,,,,,,,,,,,,,,1.6,0.89,,,
GW250119_190238,11.54,-0.81,1.95,9.95,-1.56,0.77,21.3,,,311.0,-68.0,289.0,0.09,-0.03,0.05,21.64,-1.03,0.55,9.38,-0.48,0.14,0.07,-0.01,0.06,1e-05,0.99,20.56,-0.97,0.57
GW250119_025138,33.8,-4.8,6.3,26.7,-6.3,5.6,14.5,,,3100.0,-1300.0,1100.0,0.06,-0.18,0.18,59.9,-5.4,8.8,25.7,-2.5,4.0,0.52,-0.19,0.15,1e-05,0.99,57.1,-5.0,8.2
GW250118_170523,38.1,-5.6,8.1,29.6,-6.3,5.4,13.9,,,1910.0,-740.0,800.0,0.12,-0.19,0.18,67.8,-6.7,7.9,29.0,-2.9,3.5,0.35,-0.12,0.12,1e-05,0.99,64.4,-6.2,7.3
GW250118_055802,10.3,-1.8,7.5,6.9,-2.6,1.5,10.5,,,940.0,-380.0,630.0,0.11,-0.09,0.24,17.5,-1.6,4.7,7.36,-0.63,0.45,0.19,-0.07,0.11,0.0089,0.99,16.6,-1.5,4.9
GW250118_023225,44.0,-10.0,15.0,31.0,-11.0,11.0,9.0,,,5800.0,-2900.0,3800.0,0.04,-0.31,0.28,74.0,-13.0,20.0,31.1,-6.0,8.9,0.88,-0.39,0.45,0.0035,0.99,71.0,-13.0,19.0
GW250116_051426,,,,,,,7.9,,,,,,,,,,,,,,,,,,4.8,0.63,,,
GW250116_015318,34.2,-9.3,14.5,21.3,-8.3,8.8,8.0,,,5200.0,-2500.0,3900.0,0.15,-0.33,0.31,56.0,-11.0,16.0,23.0,-5.0,6.9,0.8,-0.33,0.47,0.12,0.99,53.0,-11.0,15.0
GW250114_082203,33.76,-0.9,1.28,32.26,-1.47,0.95,78.6,,,405.0,-73.0,84.0,-0.03,-0.05,0.04,66.0,-1.2,1.1,28.71,-0.51,0.5,0.09,-0.01,0.02,1e-05,0.99,62.9,-1.1,1.0
GW250109_083206,,,,,,,10.5,,,,,,,,,,,,,,,,,,1.4,0.99,,,
GW250109_074552,39.0,-6.3,8.3,30.2,-7.2,6.8,10.7,,,2300.0,-1100.0,1400.0,0.07,-0.2,0.2,69.2,-8.6,10.5,29.6,-3.8,4.7,0.41,-0.18,0.2,0.42,0.95,65.9,-8.1,9.8
GW250109_010541,37.5,-7.1,14.7,27.4,-8.9,8.0,13.1,,,3400.0,-1700.0,1700.0,-0.11,-0.29,0.27,64.9,-8.6,14.7,27.4,-3.9,6.4,0.56,-0.25,0.22,1e-05,0.99,62.2,-8.2,14.0
GW250108_152221,54.0,-12.0,15.0,36.0,-10.0,10.0,11.8,,,3800.0,-1900.0,2400.0,0.05,-0.28,0.28,90.0,-13.0,17.0,37.6,-5.5,7.7,0.63,-0.28,0.3,0.00015,0.99,86.0,-12.0,17.0
GW250105_134047,,,,,,,8.7,,,,,,,,,,,,,,,,,,10.0,0.51,,,
GW250104_015122,45.8,-8.8,11.0,34.5,-9.9,10.7,12.1,,,4800.0,-2300.0,2500.0,0.11,-0.23,0.22,80.0,-11.0,18.0,33.9,-5.2,8.1,0.76,-0.32,0.31,1e-05,0.99,76.0,-11.0,17.0
GW250101_011205,30.0,-5.8,8.8,21.1,-7.2,5.9,9.8,,,3200.0,-1500.0,1700.0,-0.05,-0.31,0.24,50.8,-6.6,9.3,21.5,-3.3,4.1,0.54,-0.23,0.23,0.02,0.99,48.7,-6.2,8.8
GW241231_054133,12.4,-2.8,3.3,7.1,-1.3,2.0,17.4,,,910.0,-330.0,190.0,0.08,-0.08,0.12,19.6,-1.2,2.0,8.08,-0.22,0.43,0.18,-0.06,0.03,1e-05,0.99,18.7,-1.3,2.1
GW241230_233618,68.0,-14.0,17.0,49.0,-19.0,16.0,12.2,,,2700.0,-1300.0,2100.0,-0.14,-0.29,0.25,116.0,-18.0,23.0,49.3,-9.7,10.8,0.47,-0.2,0.29,0.48,0.95,112.0,-18.0,22.0
GW241230_084504,42.4,-6.7,9.5,33.5,-8.3,7.7,11.1,,,2900.0,-1300.0,1400.0,-0.14,-0.23,0.21,75.6,-8.9,12.9,32.4,-4.0,5.7,0.5,-0.2,0.19,1e-05,0.99,72.4,-8.4,12.1
GW241229_155844,52.0,-15.0,22.0,33.0,-15.0,16.0,8.7,,,6800.0,-3400.0,5200.0,0.05,-0.32,0.31,85.0,-19.0,27.0,35.0,-8.5,12.3,1.0,-0.44,0.59,0.083,0.99,82.0,-18.0,26.0
GW241225_082815,55.7,-8.5,11.0,42.2,-9.4,8.4,19.5,,,1880.0,-880.0,1080.0,-0.17,-0.22,0.21,98.0,-11.0,14.0,41.8,-5.2,6.1,0.34,-0.15,0.16,1e-05,0.99,94.0,-11.0,13.0
GW241225_042553,12.4,-2.3,3.0,8.1,-1.5,1.5,16.5,,,660.0,-270.0,190.0,0.12,-0.05,0.09,20.6,-1.1,1.7,8.65,-0.26,0.42,0.14,-0.05,0.04,1e-05,0.99,19.6,-1.1,1.8
GW241220_062146,,,,,,,7.9,,,,,,,,,,,,,,,,,,9.4,0.57,,,
GW241219_222607,,,,,,,8.7,,,,,,,,,,,,,,,,,,7.900000000000001,0.56,,,
GW241210_120900,40.0,-11.0,15.0,23.6,-8.0,9.2,9.0,,,3600.0,-1800.0,3000.0,-0.07,-0.3,0.24,64.0,-12.0,15.0,26.3,-4.9,6.4,0.59,-0.26,0.38,0.28,0.97,62.0,-12.0,14.0
GW241210_060606,29.0,-5.2,8.2,21.4,-5.5,5.5,13.4,,,2600.0,-1200.0,1200.0,0.04,-0.19,0.22,50.2,-5.7,9.4,21.3,-2.4,4.1,0.45,-0.19,0.17,1e-05,0.99,47.9,-5.5,8.8
GW241210_023335,,,,,,,7.8,,,,,,,,,,,,,,,,,,1.9,0.87,,,
GW241201_142737,,,,,,,7.5,,,,,,,,,,,,,,,,,,7.6,0.66,,,
GW241201_055758,47.0,-12.0,19.0,33.0,-13.0,13.0,9.0,,,7100.0,-3800.0,4700.0,0.13,-0.36,0.36,80.0,-16.0,24.0,33.5,-7.5,10.7,1.03,-0.48,0.53,0.83,0.92,76.0,-15.0,23.0
GW241130_110422,11.1,-2.5,5.2,6.5,-1.9,1.8,10.3,,,1320.0,-570.0,530.0,0.04,-0.1,0.2,17.8,-1.7,3.4,7.31,-0.48,0.64,0.25,-0.1,0.09,0.00055,0.99,17.0,-1.7,3.5
GW241130_034908,29.9,-4.1,5.8,24.3,-4.1,4.1,13.8,,,1990.0,-930.0,990.0,0.05,-0.15,0.15,54.2,-5.1,6.7,23.3,-2.2,2.9,0.36,-0.15,0.15,1e-05,0.99,51.6,-4.9,6.3
GW241129_140416,,,,,,,8.2,,,,,,,,,,,,,,,,,,16.0,0.51,,,
GW241129_021832,30.4,-4.5,6.8,23.0,-4.8,4.5,16.7,,,2550.0,-910.0,740.0,0.17,-0.16,0.16,53.3,-4.2,6.1,22.7,-1.7,2.8,0.45,-0.14,0.11,1e-05,0.99,50.6,-3.9,5.7
GW241127_061008,63.8,-7.7,8.7,20.8,-3.4,6.5,31.3,,,1080.0,-180.0,220.0,-0.16,-0.14,0.13,85.3,-5.6,6.0,30.8,-2.0,3.6,0.21,-0.03,0.04,1e-05,0.99,83.0,-5.4,6.2
GW241125_010116,60.0,-13.0,14.0,47.0,-17.0,14.0,11.0,,,4700.0,-2200.0,3900.0,0.09,-0.27,0.27,106.0,-22.0,23.0,45.0,-10.0,10.0,0.74,-0.3,0.47,1.1e-05,0.99,101.0,-20.0,22.0
GW241124_024914,42.0,-12.0,32.0,26.0,-11.0,11.0,8.7,,,4500.0,-2300.0,4000.0,0.04,-0.29,0.33,70.0,-15.0,26.0,28.4,-6.1,8.6,0.72,-0.31,0.48,0.78,0.94,67.0,-15.0,26.0
GW241116_151753,70.0,-28.0,57.0,24.0,-13.0,26.0,10.5,,,5700.0,-2900.0,5600.0,0.28,-0.48,0.34,99.0,-30.0,48.0,34.0,-9.6,18.8,0.87,-0.39,0.64,0.0044,0.99,95.0,-29.0,48.0
GW241114_235258,11.3,-1.9,5.2,7.7,-2.2,1.5,12.4,,,790.0,-350.0,300.0,0.06,-0.08,0.18,19.1,-1.3,2.9,8.04,-0.37,0.5,0.16,-0.07,0.05,1e-05,0.99,18.2,-1.2,3.0
GW241114_024711,47.0,-11.0,9.7,25.0,-7.3,8.2,11.3,,,2600.0,-1000.0,1600.0,0.12,-0.24,0.21,71.9,-9.5,9.9,29.2,-4.3,4.7,0.45,-0.16,0.22,1e-05,0.99,68.9,-9.3,9.4
GW241113_163507,19.3,-3.0,5.4,14.4,-3.3,2.7,12.5,,,1360.0,-630.0,670.0,0.5,-0.11,0.11,33.9,-3.0,3.9,14.4,-1.1,1.5,0.26,-0.11,0.11,1e-05,0.99,31.7,-2.8,3.7
GW241111_111552,25.3,-3.3,4.4,20.5,-4.2,3.9,16.3,,,1550.0,-740.0,580.0,0.1,-0.14,0.15,45.4,-3.7,5.9,19.5,-1.6,2.7,0.29,-0.13,0.09,1e-05,0.99,43.2,-3.4,5.4
GW241110_124123,16.4,-4.1,5.1,8.0,-1.6,2.2,10.2,,,740.0,-260.0,260.0,-0.31,-0.18,0.23,24.5,-2.2,3.5,9.84,-0.42,0.5,0.15,-0.05,0.05,0.00063,0.99,23.7,-2.2,3.6
GW241109_115924,7.3,-1.1,2.8,5.14,-1.26,0.9,11.9,,,600.0,-290.0,230.0,0.01,-0.05,0.16,12.51,-0.68,1.51,5.29,-0.2,0.28,0.12,-0.06,0.04,0.0001199999999999,0.99,11.94,-0.66,1.58
GW241109_033317,42.4,-8.5,11.3,31.7,-9.4,9.3,11.3,,,2700.0,-1500.0,2000.0,0.01,-0.24,0.22,74.0,-11.0,16.0,31.4,-5.2,7.0,0.46,-0.24,0.28,0.0013,0.99,70.0,-11.0,15.0
GW241109_005349,,,,,,,10.5,,,,,,,,,,,,,,,,,,7.400000000000001,0.56,,,
GW241106_110932,,,,,,,9.2,,,,,,,,,,,,,,,,,,3.9,0.73,,,
GW241102_144729,44.4,-8.6,12.3,31.0,-11.1,9.9,12.7,,,3400.0,-1600.0,2000.0,-0.09,-0.27,0.21,75.1,-9.8,13.6,31.5,-4.8,6.5,0.57,-0.23,0.26,1e-05,0.99,72.0,-9.4,12.7
GW241102_124058,10.9,-1.4,3.2,8.0,-1.7,1.2,21.7,,,390.0,-112.0,59.0,0.06,-0.04,0.11,19.01,-0.47,1.45,8.12,-0.09,0.17,0.08,-0.02,0.01,1e-05,0.99,18.1,-0.46,1.54
GW241101_220523,41.0,-12.0,13.0,19.3,-5.7,9.8,10.6,,,2200.0,-1000.0,1400.0,0.15,-0.29,0.33,60.2,-9.2,12.7,23.6,-3.1,5.8,0.39,-0.17,0.21,0.00055,0.99,57.7,-9.0,11.9
GW241101_034726,,,,,,,8.2,,,,,,,,,,,,,,,,,,2.1,0.87,,,
GW241018_235402,,,,,,,9.6,,,,,,,,,,,,,,,,,,1.7999999999999998,0.98,,,
GW241011_233834,19.5,-2.0,2.6,5.96,-0.58,0.58,35.8,,,212.0,-41.0,43.0,0.5,-0.04,0.06,25.5,-1.5,2.0,9.09,-0.08,0.08,0.05,-0.01,0.01,1e-05,0.99,24.4,-1.5,2.1
GW241009_220455,33.2,-6.6,8.1,25.5,-8.1,5.9,10.0,,,2900.0,-1300.0,2200.0,0.11,-0.25,0.23,58.9,-10.9,9.3,25.2,-5.1,4.0,0.5,-0.2,0.3,0.023,0.99,56.0,-10.2,8.7
GW241009_084816,12.7,-2.5,4.0,8.1,-1.9,1.9,12.1,,,1130.0,-480.0,580.0,-0.05,-0.08,0.14,21.0,-1.9,2.3,8.78,-0.65,0.67,0.22,-0.09,0.1,1e-05,0.99,20.1,-1.9,2.4
GW241009_022835,37.1,-8.9,14.1,26.8,-9.5,10.2,8.4,,,5600.0,-2800.0,3800.0,0.09,-0.25,0.26,64.0,-13.0,19.0,27.1,-5.6,8.2,0.85,-0.37,0.45,0.97,0.99,61.0,-12.0,18.0
GW241007_082943,36.6,-7.7,13.5,26.6,-7.9,8.4,9.8,,,4000.0,-2000.0,2300.0,0.11,-0.26,0.26,63.2,-9.8,15.7,26.7,-4.3,6.8,0.65,-0.29,0.29,0.042,0.99,60.1,-9.3,14.9
GW241006_015333,24.6,-2.8,4.2,20.3,-3.1,2.8,17.6,,,1850.0,-710.0,650.0,0.07,-0.13,0.13,44.9,-3.0,4.2,19.4,-1.3,1.8,0.34,-0.12,0.1,1e-05,0.99,42.7,-2.9,4.0
GW241002_030559,37.3,-5.5,8.4,29.9,-7.1,5.6,11.9,,,1460.0,-680.0,950.0,-0.1,-0.23,0.2,67.2,-7.7,8.8,28.8,-3.4,3.9,0.28,-0.12,0.15,1e-05,0.99,64.2,-7.2,8.2
GW240930_234614,35.8,-8.9,14.0,21.9,-7.2,7.2,11.3,,,3600.0,-2000.0,2600.0,0.04,-0.3,0.27,58.0,-9.2,12.3,23.9,-3.7,4.9,0.6,-0.3,0.33,0.24,0.98,55.5,-8.9,12.0
GW240930_123408,,,,,,,8.3,,,,,,,,,,,,,,,,,,2.9,0.81,,,
GW240930_035959,25.5,-4.8,5.0,11.2,-1.8,2.1,16.1,,,950.0,-290.0,490.0,-0.05,-0.13,0.14,36.8,-3.4,3.8,14.5,-0.98,0.77,0.19,-0.05,0.08,1e-05,0.99,35.5,-3.4,3.8
GW240925_005809,9.02,-0.99,1.97,6.99,-1.27,0.83,31.2,,,356.0,-162.0,61.0,0.02,-0.02,0.08,16.07,-0.44,0.71,6.85,-0.08,0.22,0.08,-0.03,0.01,1e-05,0.99,15.32,-0.44,0.75
GW240925_000956,,,,,,,8.5,,,,,,,,,,,,,,,,,,6.5,0.61,,,
GW240924_000316,46.0,-9.9,14.3,34.0,-10.0,11.0,11.4,,,3700.0,-1700.0,2600.0,0.1,-0.24,0.23,80.0,-14.0,19.0,34.2,-6.3,8.4,0.61,-0.25,0.34,2e-05,0.99,76.0,-14.0,18.0
GW240923_204006,46.1,-7.9,10.3,34.9,-10.6,9.9,13.6,,,4000.0,-1900.0,1800.0,0.01,-0.21,0.2,79.9,-9.6,16.2,34.1,-4.8,7.3,0.65,-0.27,0.24,1e-05,0.99,76.3,-9.1,15.1
GW240923_110846,,,,,,,8.6,,,,,,,,,,,,,,,,,,8.5,0.61,,,
GW240923_000715,,,,,,,11.0,,,,,,,,,,,,,,,,,,1.6,0.78,,,
GW240922_142106,11.5,-2.0,3.9,7.8,-1.8,1.5,12.5,,,1230.0,-500.0,340.0,0.07,-0.06,0.12,19.3,-1.2,2.2,8.12,-0.37,0.63,0.24,-0.09,0.06,1e-05,0.99,18.4,-1.2,2.3
GW240921_201835,34.9,-9.4,8.9,9.8,-1.7,3.0,11.3,,,920.0,-300.0,760.0,,,,44.8,-7.0,7.5,15.62,-1.52,0.76,0.18,-0.06,0.13,1e-05,0.99,43.7,-7.2,7.6
GW240920_124024,37.1,-2.8,4.0,31.9,-3.9,3.0,37.4,,,1090.0,-320.0,220.0,-0.04,-0.09,0.08,68.8,-2.6,3.7,29.8,-1.2,1.7,0.21,-0.06,0.04,1e-05,0.99,65.6,-2.4,3.5
GW240920_073424,24.7,-5.6,7.6,13.4,-3.2,3.3,14.0,,,1440.0,-550.0,620.0,-0.09,-0.16,0.19,38.2,-3.9,5.6,15.6,-1.3,1.5,0.27,-0.09,0.1,1e-05,0.99,36.7,-3.8,5.6
GW240919_215453,,,,,,,10.1,,,,,,,,,,,,,,,,,,5.1,0.7,,,
GW240919_061559,38.3,-5.5,6.6,29.6,-5.9,5.4,16.9,,,1870.0,-740.0,820.0,-0.02,-0.17,0.16,67.8,-5.9,7.0,29.0,-2.6,3.2,0.34,-0.12,0.12,1e-05,0.99,64.7,-5.6,6.5
GW240917_130237,,,,,,,7.8,,,,,,,,,,,,,,,,,,1.7999999999999998,0.85,,,
GW240916_184352,10.7,-1.7,4.2,7.8,-2.2,1.5,9.8,,,1280.0,-640.0,630.0,0.05,-0.09,0.14,18.7,-1.7,2.4,7.89,-0.62,0.8,0.25,-0.11,0.1,0.028,0.99,17.8,-1.6,2.5
GW240915_105151,11.6,-2.2,7.3,7.5,-2.6,1.7,13.9,,,630.0,-280.0,260.0,0.07,-0.09,0.22,19.4,-1.3,4.4,8.07,-0.32,0.4,0.13,-0.05,0.05,1e-05,0.99,18.5,-1.2,4.6
GW240915_045510,,,,,,,8.2,,,,,,,,,,,,,,,,,,3.5,0.75,,,
GW240915_001357,10.9,-1.7,5.5,7.7,-2.3,1.3,16.4,,,920.0,-290.0,190.0,0.13,-0.05,0.16,18.8,-0.87,3.1,7.95,-0.21,0.37,0.18,-0.05,0.03,1e-05,0.99,17.88,-0.86,3.22
GW240913_111216,,,,,,,7.8,,,,,,,,,,,,,,,,,,6.2,0.62,,,
GW240910_103535,10.9,-2.4,3.1,6.3,-1.3,1.7,17.8,,,740.0,-310.0,170.0,0.12,-0.07,0.12,17.3,-1.1,1.8,7.16,-0.19,0.39,0.15,-0.06,0.03,1e-05,0.99,16.6,-1.1,1.9
GW240908_174149,,,,,,,9.0,,,,,,,,,,,,,,,,,,3.1,0.67,,,
GW240908_125134,45.0,-11.0,15.0,32.0,-11.0,11.0,8.6,,,4700.0,-2300.0,3500.0,-0.09,-0.3,0.24,77.0,-15.0,19.0,32.5,-6.6,8.6,0.74,-0.31,0.42,0.29,0.97,74.0,-14.0,18.0
GW240908_082628,39.8,-9.4,11.8,27.7,-9.2,8.4,11.1,,,3100.0,-1300.0,2600.0,0.14,-0.25,0.24,68.0,-14.0,12.0,28.6,-5.8,5.6,0.53,-0.2,0.34,1.2e-05,0.99,65.0,-13.0,11.0
GW240907_153833,38.0,-8.0,11.3,28.3,-8.5,8.7,10.5,,,4500.0,-2100.0,3100.0,0.04,-0.25,0.26,67.0,-12.0,14.0,28.3,-5.0,6.5,0.71,-0.29,0.38,8e-05,0.99,63.0,-11.0,14.0
GW240907_121650,,,,,,,9.8,,,,,,,,,,,,,,,,,,6.0,0.52,,,
GW240907_092521,,,,,,,8.3,,,,,,,,,,,,,,,,,,4.0,0.72,,,
GW240902_143306,24.4,-4.4,6.8,18.3,-5.2,4.9,10.6,,,2900.0,-1300.0,1700.0,-0.03,-0.3,0.28,42.7,-5.8,8.2,18.2,-2.6,3.6,0.49,-0.2,0.24,1e-05,0.99,40.8,-5.5,7.5
GW240901_195332,,,,,,,9.4,,,,,,,,,,,,,,,,,,7.799999999999999,0.62,,,
GW240830_211120,11.9,-2.3,3.6,7.8,-1.7,1.6,11.1,,,1140.0,-490.0,500.0,0.07,-0.07,0.13,19.8,-1.6,2.3,8.33,-0.54,0.66,0.22,-0.09,0.08,1e-05,0.99,18.9,-1.6,2.3
GW240828_102340,,,,,,,8.0,,,,,,,,,,,,,,,,,,3.8,0.62,,,
GW240825_055146,13.2,-3.0,5.8,7.9,-2.2,2.0,10.3,,,1250.0,-550.0,530.0,0.07,-0.13,0.19,21.3,-2.1,3.8,8.77,-0.61,0.77,0.24,-0.1,0.09,2e-05,0.99,20.3,-2.0,3.9
GW240824_205609,70.0,-24.0,32.0,37.0,-17.0,20.0,9.0,,,5300.0,-3000.0,5400.0,0.08,-0.35,0.34,107.0,-27.0,37.0,43.0,-12.0,17.0,0.81,-0.41,0.62,0.25,0.96,103.0,-26.0,36.0
GW240814_145043,,,,,,,9.4,,,,,,,,,,,,,,,,,,2.1,0.74,,,
GW240813_034548,,,,,,,9.7,,,,,,,,,,,,,,,,,,19.0,0.64,,,
GW240807_214559,,,,,,,9.6,,,,,,,,,,,,,,,,,,17.0,0.66,,,
GW240806_043539,,,,,,,8.9,,,,,,,,,,,,,,,,,,1.9,0.89,,,
GW240716_034900,40.3,-8.0,8.8,26.5,-6.4,6.7,12.9,,,1860.0,-930.0,1390.0,-0.02,-0.25,0.22,66.8,-7.8,8.8,28.1,-3.3,3.9,0.34,-0.16,0.21,1e-05,0.99,63.9,-7.5,8.4
GW240705_053215,47.1,-7.7,9.7,35.3,-8.2,8.0,16.8,,,3700.0,-1600.0,1400.0,-0.03,-0.21,0.2,81.9,-8.1,12.8,34.9,-3.6,5.7,0.61,-0.23,0.18,1e-05,0.99,78.2,-7.7,12.1
GW240703_191355,34.4,-6.2,8.5,26.4,-6.7,5.9,10.1,,,1880.0,-860.0,1540.0,0.05,-0.2,0.21,61.2,-9.3,8.6,26.2,-4.0,3.8,0.34,-0.14,0.23,1e-05,0.99,58.3,-8.8,8.0
GW240701_203807,,,,,,,7.9,,,,,,,,,,,,,,,,,,8.6,0.55,,,
GW240701_013826,,,,,,,10.4,,,,,,,,,,,,,,,,,,2.5,0.64,,,
GW240701_011640,,,,,,,7.8,,,,,,,,,,,,,,,,,,12.0,0.51,,,
GW240630_212937,,,,,,,8.2,,,,,,,,,,,,,,,,,,4.9,0.75,,,
GW240630_115348,,,,,,,8.5,,,,,,,,,,,,,,,,,,6.5,0.67,,,
GW240630_101703,28.6,-4.8,7.6,21.6,-5.3,5.0,10.6,,,3200.0,-1400.0,1500.0,-0.04,-0.27,0.23,50.2,-5.8,8.0,21.4,-2.5,3.5,0.54,-0.2,0.21,1.5e-05,0.99,48.0,-5.5,7.5
GW240629_145256,11.1,-1.7,3.0,7.8,-1.6,1.4,12.7,,,1280.0,-500.0,340.0,0.04,-0.06,0.11,18.9,-1.1,1.8,8.01,-0.35,0.61,0.25,-0.09,0.06,1e-05,0.99,18.1,-1.1,1.8
GW240627_131622,13.2,-3.5,5.7,6.7,-1.8,2.4,9.8,,,1350.0,-570.0,620.0,,,,20.1,-2.2,3.8,8.08,-0.57,0.72,0.26,-0.1,0.1,0.087,0.99,19.3,-2.2,4.0
GW240625_073331,,,,,,,10.1,,,,,,,,,,,,,,,,,,2.5,0.64,,,
GW240622_004008,18.6,-4.0,7.6,11.3,-3.2,2.9,12.7,,,1470.0,-530.0,600.0,0.25,-0.1,0.13,30.2,-2.9,4.5,12.5,-0.91,0.98,0.28,-0.09,0.1,1e-05,0.99,28.7,-2.8,4.8
GW240621_214041,45.0,-11.0,17.0,32.0,-11.0,13.0,7.9,,,6800.0,-3400.0,4800.0,,,,76.0,-16.0,24.0,32.1,-6.7,10.3,1.0,-0.44,0.54,0.038,0.99,73.0,-15.0,22.0
GW240621_200935,41.6,-8.3,11.6,31.6,-9.5,9.8,10.7,,,4800.0,-2400.0,3000.0,-0.09,-0.28,0.23,73.0,-12.0,17.0,31.1,-5.3,7.6,0.75,-0.32,0.36,0.0012,0.99,70.0,-11.0,16.0
GW240621_195059,36.8,-3.7,4.4,29.7,-5.2,4.1,28.2,,,1210.0,-430.0,260.0,,,,66.0,-2.8,4.6,28.4,-1.4,2.2,0.23,-0.08,0.04,1e-05,0.99,62.9,-2.6,4.2
GW240621_103457,,,,,,,8.6,,,,,,,,,,,,,,,,,,10.0,0.51,,,
GW240620_094631,,,,,,,8.6,,,,,,,,,,,,,,,,,,2.1,0.68,,,
GW240619_212357,,,,,,,8.5,,,,,,,,,,,,,,,,,,10.0,0.51,,,
GW240619_044535,,,,,,,9.3,,,,,,,,,,,,,,,,,,5.1,0.75,,,
GW240618_071627,65.0,-19.0,24.0,40.0,-15.0,17.0,8.7,,,5500.0,-2900.0,5100.0,,,,105.0,-24.0,30.0,43.0,-10.0,13.0,0.84,-0.39,0.59,0.16,0.98,101.0,-23.0,28.0
GW240615_160735,28.5,-5.6,7.9,20.0,-5.6,5.7,13.1,,,4000.0,-1900.0,1900.0,0.28,-0.24,0.2,48.5,-5.9,8.5,20.4,-2.4,4.0,0.65,-0.27,0.24,2.8e-05,0.99,45.9,-5.6,8.0
GW240615_113620,34.0,-3.7,5.4,26.4,-4.8,4.0,26.4,,,1560.0,-450.0,290.0,-0.07,-0.13,0.11,60.4,-2.5,3.5,25.9,-1.2,1.7,0.29,-0.08,0.05,1e-05,0.99,57.8,-2.4,3.3
GW240613_011503,,,,,,,8.3,,,,,,,,,,,,,,,,,,3.7000000000000006,0.74,,,
GW240612_081540,55.0,-13.0,21.0,38.0,-16.0,16.0,9.9,,,6200.0,-3100.0,4100.0,0.07,-0.34,0.34,92.0,-18.0,27.0,38.5,-8.5,12.2,0.93,-0.4,0.47,0.56,0.92,88.0,-17.0,25.0
GW240611_214835,,,,,,,8.9,,,,,,,,,,,,,,,,,,1.7,0.61,,,
GW240601_231004,10.6,-1.7,4.8,7.7,-2.4,1.5,10.4,,,1270.0,-540.0,530.0,0.09,-0.07,0.16,18.6,-1.5,2.4,7.8,-0.51,0.65,0.25,-0.1,0.09,2.6e-05,0.99,17.7,-1.4,2.6
GW240601_061200,52.0,-16.0,20.0,32.0,-11.0,12.0,10.0,,,5100.0,-2600.0,4400.0,-0.08,-0.31,0.27,85.0,-20.0,23.0,35.3,-7.9,9.7,0.79,-0.35,0.52,0.082,0.99,82.0,-19.0,22.0
GW240531_075248,33.0,-7.6,10.4,22.6,-6.4,7.6,9.3,,,4100.0,-2200.0,2800.0,0.04,-0.27,0.26,55.6,-9.1,13.0,23.4,-3.8,5.6,0.67,-0.32,0.35,0.0039,0.99,53.1,-8.7,12.2
GW240531_040326,19.5,-3.7,7.4,14.3,-4.3,3.5,9.1,,,3000.0,-1500.0,1600.0,0.14,-0.21,0.22,34.0,-4.3,6.4,14.4,-1.8,2.6,0.52,-0.23,0.22,0.8700000000000001,0.95,32.3,-4.1,6.1
GW240530_012417,14.1,-3.3,8.4,8.3,-3.0,2.1,10.8,,,1010.0,-500.0,630.0,0.04,-0.11,0.25,22.6,-2.4,5.4,9.26,-0.75,0.78,0.2,-0.09,0.11,1e-05,0.99,21.6,-2.3,5.6
GW240527_230910,27.6,-9.6,8.9,10.0,-2.1,4.9,11.0,,,1190.0,-320.0,320.0,-0.03,-0.24,0.2,37.5,-5.1,7.0,14.07,-0.63,0.76,0.23,-0.06,0.05,1.3999999999999998e-05,0.99,36.4,-5.3,7.1
GW240527_183429,52.0,-12.0,17.0,33.0,-15.0,15.0,10.4,,,6400.0,-3100.0,3500.0,0.31,-0.33,0.27,84.0,-13.0,22.0,34.5,-6.7,10.8,0.96,-0.4,0.4,0.00017,0.99,80.0,-12.0,20.0
GW240527_150907,,,,,,,9.2,,,,,,,,,,,,,,,,,,2.2,0.81,,,
GW240526_093944,14.5,-3.6,6.1,8.4,-2.3,2.5,9.7,,,1940.0,-940.0,1100.0,0.22,-0.12,0.14,23.2,-3.2,4.3,9.5,-1.0,1.3,0.35,-0.16,0.16,0.14,0.97,22.1,-3.1,4.4
GW240525_201644,,,,,,,9.0,,,,,,,,,,,,,,,,,,2.3,0.81,,,
GW240525_031210,31.1,-7.2,12.1,21.4,-6.8,7.1,9.1,,,4500.0,-2200.0,3000.0,0.17,-0.26,0.25,52.8,-9.2,12.4,22.1,-3.8,5.2,0.72,-0.3,0.37,0.29,0.97,50.2,-8.8,11.7
GW240520_213616,11.4,-1.9,3.6,8.0,-1.8,1.5,11.9,,,1400.0,-500.0,530.0,,,,19.6,-1.4,2.1,8.28,-0.52,0.62,0.27,-0.09,0.08,1e-05,0.99,18.7,-1.4,2.1
GW240519_012815,65.0,-16.0,19.0,39.0,-16.0,13.0,10.6,,,1740.0,-820.0,1830.0,-0.04,-0.31,0.26,104.0,-19.0,18.0,43.1,-9.3,8.3,0.32,-0.14,0.27,0.014,0.99,100.0,-18.0,17.0
GW240516_041939,,,,,,,9.0,,,,,,,,,,,,,,,,,,3.4,0.67,,,
GW240515_005301,37.1,-9.9,11.4,18.5,-4.5,8.9,12.8,,,3800.0,-1900.0,1800.0,0.47,-0.19,0.17,56.3,-8.1,10.9,22.4,-2.7,4.8,0.63,-0.27,0.24,1e-05,0.99,53.2,-8.0,10.3
GW240514_121713,46.8,-6.3,9.3,36.7,-10.6,7.5,16.9,,,2590.0,-1040.0,820.0,0.01,-0.18,0.17,82.7,-6.8,11.2,35.4,-3.7,5.2,0.45,-0.16,0.12,1e-05,0.99,78.9,-6.3,10.4
GW240513_183302,24.4,-4.2,6.0,16.9,-3.6,3.6,14.5,,,2250.0,-800.0,690.0,0.14,-0.14,0.13,41.4,-3.2,4.3,17.4,-1.1,1.8,0.4,-0.13,0.1,1e-05,0.99,39.4,-3.1,4.2
GW240512_051606,,,,,,,9.4,,,,,,,,,,,,,,,,,,3.1,0.7,,,
GW240512_024139,12.6,-2.5,4.8,8.0,-2.1,1.8,11.6,,,1170.0,-490.0,340.0,0.14,-0.07,0.13,20.7,-1.5,2.8,8.62,-0.39,0.65,0.23,-0.09,0.06,1e-05,0.99,19.7,-1.5,3.0
GW240511_031507,40.5,-5.1,7.4,32.2,-6.6,5.5,16.3,,,1990.0,-760.0,750.0,0.05,-0.16,0.17,72.6,-5.8,7.4,31.1,-2.6,3.3,0.36,-0.12,0.11,1e-05,0.99,69.1,-5.5,6.8
GW240509_102351,,,,,,,8.2,,,,,,,,,,,,,,,,,,2.0,0.89,,,
GW240507_041632,31.3,-11.6,9.2,8.5,-1.9,6.3,10.2,,,1450.0,-500.0,900.0,0.01,-0.23,0.2,39.9,-6.9,7.8,13.8,-1.4,1.9,0.28,-0.09,0.14,0.00025,0.99,38.9,-7.2,8.0
GW240505_133552,31.0,-5.9,9.2,23.1,-6.7,6.8,9.4,,,4700.0,-2100.0,2600.0,-0.13,-0.3,0.25,54.0,-7.7,11.9,23.0,-3.4,5.3,0.74,-0.29,0.32,0.13,0.98,51.8,-7.3,11.3
GW240501_033534,38.6,-8.0,11.6,27.7,-8.2,8.6,10.6,,,4700.0,-2200.0,2700.0,0.04,-0.28,0.26,66.0,-10.0,14.0,28.0,-4.4,6.4,0.74,-0.3,0.33,1e-05,0.99,63.1,-9.5,13.4
GW240430_093517,,,,,,,8.7,,,,,,,,,,,,,,,,,,1.3,0.88,,,
GW240428_225440,19.8,-2.6,4.9,14.7,-2.9,2.2,15.6,,,840.0,-280.0,200.0,0.03,-0.08,0.1,34.6,-1.5,2.3,14.72,-0.48,0.72,0.17,-0.05,0.04,1e-05,0.99,33.0,-1.4,2.3
GW240426_085802,,,,,,,8.2,,,,,,,,,,,,,,,,,,4.2,0.63,,,
GW240426_031451,52.0,-11.0,14.0,36.0,-12.0,11.0,10.3,,,4000.0,-2000.0,2600.0,-0.05,-0.28,0.24,88.0,-13.0,18.0,37.1,-6.3,8.2,0.65,-0.28,0.33,3.8e-05,0.99,84.0,-13.0,17.0
GW240421_052935,,,,,,,8.5,,,,,,,,,,,,,,,,,,2.7,0.77,,,
GW240420_175625,34.6,-7.2,10.0,23.8,-7.1,7.2,10.0,,,2000.0,-1100.0,1600.0,,,,58.6,-8.7,10.3,24.7,-3.8,4.6,0.37,-0.18,0.22,0.078,0.98,56.0,-8.3,9.8
GW240419_041206,,,,,,,9.1,,,,,,,,,,,,,,,,,,3.4,0.71,,,
GW240414_054515,38.8,-7.2,12.1,25.9,-8.1,6.9,11.2,,,1530.0,-580.0,680.0,0.03,-0.21,0.22,65.0,-6.3,8.4,27.1,-2.8,3.6,0.29,-0.1,0.11,5.3e-05,0.99,62.2,-6.0,8.0
GW240413_022019,7.9,-1.2,2.8,5.57,-1.35,0.96,18.1,,,570.0,-220.0,110.0,0.07,-0.04,0.14,13.56,-0.52,1.41,5.74,-0.11,0.23,0.12,-0.04,0.02,1e-05,0.99,12.92,-0.52,1.49
GW240411_074140,,,,,,,8.2,,,,,,,,,,,,,,,,,,3.4,0.68,,,
GW240408_081753,,,,,,,8.3,,,,,,,,,,,,,,,,,,4.4,0.61,,,
GW240407_214946,,,,,,,7.5,,,,,,,,,,,,,,,,,,4.2,0.79,,,
GW240407_061416,,,,,,,8.8,,,,,,,,,,,,,,,,,,2.7,0.78,,,
GW240407_040938,,,,,,,8.5,,,,,,,,,,,,,,,,,,1.7999999999999998,0.91,,,
GW240406_062847,,,,,,,11.3,,,,,,,,,,,,,,,,,,1e-05,0.99,,,
GW240109_050431,28.7,-6.1,7.5,18.1,-4.1,4.8,10.4,,,1500.0,-770.0,1020.0,-0.07,-0.23,0.2,47.1,-5.8,6.7,19.7,-2.2,2.7,0.28,-0.14,0.16,0.00022,0.99,45.2,-5.5,6.4
GW240107_013215,59.0,-17.0,27.0,33.0,-17.0,20.0,9.6,,,5800.0,-3300.0,4900.0,0.32,-0.38,0.29,92.0,-20.0,30.0,36.7,-9.9,14.3,0.88,-0.44,0.56,0.0094,0.99,87.0,-19.0,29.0
GW240105_151143,,,,,,,25.9,,,,,,,,,,,,,,,,,,3.3,0.74,,,
GW240104_164932,42.3,-6.8,9.4,32.2,-8.2,7.5,14.8,,,1910.0,-970.0,1120.0,0.09,-0.2,0.19,74.3,-8.5,11.4,31.8,-4.0,5.1,0.35,-0.16,0.17,1e-05,0.99,70.7,-8.1,10.7
GW231231_154016,22.5,-3.2,5.5,17.2,-3.2,2.9,13.4,,,1070.0,-530.0,590.0,-0.03,-0.12,0.12,39.9,-3.4,4.1,17.1,-1.3,1.6,0.21,-0.1,0.1,1e-05,0.99,38.1,-3.3,4.0
GW231231_120147,,,,,,,11.3,,,,,,,,,,,,,,,,,,2.0,0.86,,,
GW231230_170116,53.0,-15.0,53.0,35.0,-14.0,15.0,8.2,,,5700.0,-3200.0,4800.0,-0.18,-0.35,0.33,89.0,-20.0,52.0,37.0,-8.3,14.9,0.87,-0.43,0.56,0.42,0.96,86.0,-19.0,51.0
GW231226_101520,40.2,-2.9,4.4,35.1,-4.9,3.2,34.7,,,1180.0,-360.0,240.0,-0.08,-0.1,0.09,75.0,-3.1,3.9,32.5,-1.5,1.8,0.23,-0.06,0.04,1e-05,0.99,71.6,-2.8,3.7
GW231224_024321,9.3,-1.1,2.1,7.31,-1.31,0.97,14.0,,,950.0,-400.0,280.0,-0.01,-0.06,0.08,16.66,-0.79,1.26,7.13,-0.29,0.48,0.19,-0.07,0.05,1e-05,0.99,15.89,-0.77,1.24
GW231223_202619,11.1,-1.6,3.9,8.3,-2.0,1.4,10.1,,,890.0,-440.0,480.0,0.1,-0.11,0.14,19.6,-1.5,2.2,8.35,-0.57,0.66,0.18,-0.08,0.08,0.002,0.99,18.7,-1.5,2.3
GW231223_075055,11.9,-2.8,7.0,6.8,-2.2,2.0,9.4,,,970.0,-430.0,580.0,0.07,-0.12,0.22,19.0,-2.0,4.8,7.8,-0.6,0.57,0.19,-0.08,0.1,0.23,0.98,18.1,-1.9,4.9
GW231223_032836,46.0,-11.0,16.0,31.0,-14.0,12.0,10.2,,,4200.0,-2200.0,3100.0,-0.16,-0.37,0.33,76.0,-13.0,18.0,31.9,-7.0,8.5,0.67,-0.31,0.39,0.0003599999999999,0.99,73.0,-13.0,17.0
GW231221_135041,47.0,-13.0,22.0,29.0,-13.0,12.0,10.0,,,4600.0,-2500.0,3800.0,0.01,-0.38,0.37,76.0,-16.0,22.0,31.0,-6.8,9.6,0.72,-0.36,0.46,0.54,0.96,73.0,-15.0,21.0
GW231220_173406,,,,,,,7.9,,,,,,,,,,,,,,,,,,3.0,0.83,,,
GW231213_111417,35.6,-6.8,10.5,27.2,-7.6,7.9,10.4,,,4000.0,-2000.0,2300.0,0.06,-0.23,0.24,62.6,-9.4,14.2,26.7,-4.2,6.2,0.65,-0.29,0.3,1e-05,0.99,59.6,-8.9,13.3
GW231206_233901,37.6,-4.6,6.6,28.5,-6.1,5.3,21.9,,,1490.0,-500.0,340.0,-0.05,-0.15,0.14,66.0,-3.7,5.3,28.2,-1.8,2.7,0.28,-0.08,0.05,1e-05,0.99,63.1,-3.4,4.9
GW231206_233134,35.6,-6.2,9.0,28.2,-7.1,7.6,12.8,,,3200.0,-1800.0,1800.0,-0.08,-0.25,0.21,63.5,-8.8,13.7,27.2,-3.9,6.1,0.54,-0.27,0.25,1e-05,0.99,60.6,-8.3,13.0
GW231206_010629,,,,,,,9.7,,,,,,,,,,,,,,,,,,6.9,0.58,,,
GW231204_090648,,,,,,,8.4,,,,,,,,,,,,,,,,,,3.5,0.78,,,
GW231129_081745,45.0,-13.0,15.0,23.8,-8.2,10.3,9.4,,,3800.0,-2100.0,3600.0,0.03,-0.26,0.27,69.0,-14.0,17.0,27.8,-5.7,7.7,0.62,-0.3,0.45,0.056,0.99,66.0,-14.0,17.0
GW231127_165300,45.0,-12.0,18.0,28.0,-12.0,13.0,9.9,,,4500.0,-2500.0,3600.0,0.05,-0.32,0.3,74.0,-15.0,22.0,30.4,-6.7,9.7,0.71,-0.35,0.44,0.01,0.99,71.0,-14.0,21.0
GW231127_061546,,,,,,,8.0,,,,,,,,,,,,,,,,,,11.0,0.55,,,
GW231126_010928,,,,,,,9.1,,,,,,,,,,,,,,,,,,2.1,0.86,,,
GW231123_135430,137.0,-18.0,23.0,101.0,-50.0,22.0,21.8,,,2200.0,-1500.0,1900.0,0.32,-0.41,0.25,236.0,-47.0,30.0,101.0,-30.0,13.0,0.4,-0.25,0.27,1e-05,0.99,222.0,-42.0,28.0
GW231120_022103,,,,,,,10.0,,,,,,,,,,,,,,,,,,1.6,0.9,,,
GW231119_075248,49.0,-13.0,22.0,33.0,-13.0,15.0,8.3,,,6700.0,-3700.0,5300.0,,,,82.0,-18.0,29.0,34.5,-7.9,12.4,0.99,-0.48,0.6,0.0029,0.99,79.0,-18.0,27.0
GW231118_090602,12.9,-3.1,12.4,7.4,-3.2,2.1,11.0,,,1360.0,-620.0,550.0,0.08,-0.09,0.33,20.6,-2.2,9.1,8.36,-0.56,0.79,0.26,-0.11,0.09,1e-05,0.99,19.6,-2.2,9.4
GW231118_071402,43.0,-10.0,15.0,29.0,-10.0,11.0,9.2,,,4300.0,-2300.0,3600.0,0.12,-0.28,0.29,72.0,-14.0,18.0,30.3,-6.1,8.0,0.69,-0.32,0.44,0.00022,0.99,69.0,-13.0,17.0
GW231118_005626,20.0,-5.0,7.5,10.8,-2.4,3.4,10.7,,,2190.0,-970.0,930.0,0.38,-0.11,0.1,31.0,-3.7,5.9,12.6,-1.1,1.6,0.39,-0.16,0.14,1e-05,0.99,29.4,-3.6,6.0
GW231114_043211,22.8,-6.3,9.2,8.2,-2.1,2.5,10.0,,,1390.0,-620.0,860.0,0.08,-0.16,0.21,31.1,-4.8,7.3,11.6,-1.1,1.1,0.26,-0.11,0.14,0.0001199999999999,0.99,30.1,-4.9,7.5
GW231113_200417,11.6,-2.4,5.1,7.4,-2.0,1.8,10.5,,,1160.0,-530.0,640.0,0.13,-0.08,0.15,19.2,-1.9,3.2,8.0,-0.64,0.68,0.23,-0.1,0.11,2.7e-05,0.99,18.3,-1.9,3.3
GW231113_150041,56.0,-22.0,38.0,29.0,-16.0,18.0,8.7,,,5200.0,-2800.0,5100.0,0.04,-0.37,0.39,85.0,-26.0,46.0,34.0,-11.0,18.0,0.8,-0.38,0.6,0.5,0.97,82.0,-25.0,44.0
GW231113_122623,39.8,-9.6,17.2,26.4,-9.5,8.9,8.6,,,3400.0,-1700.0,2400.0,0.33,-0.33,0.25,67.0,-13.0,16.0,27.9,-5.5,6.3,0.56,-0.25,0.32,0.063,0.99,63.0,-12.0,15.0
GW231113_112825,,,,,,,7.8,,,,,,,,,,,,,,,,,,14.0,0.51,,,
GW231113_062050,,,,,,,8.5,,,,,,,,,,,,,,,,,,5.4,0.71,,,
GW231110_040320,19.4,-4.0,5.8,12.6,-2.9,3.0,11.5,,,1890.0,-910.0,850.0,0.17,-0.12,0.13,32.2,-3.3,4.3,13.4,-1.1,1.7,0.35,-0.15,0.13,1e-05,0.99,30.6,-3.3,4.3
GW231108_125142,23.2,-3.6,5.5,17.4,-3.2,3.2,12.6,,,2050.0,-890.0,750.0,-0.08,-0.15,0.13,40.6,-3.3,5.1,17.3,-1.3,2.1,0.37,-0.15,0.11,1e-05,0.99,38.9,-3.2,4.9
GW231104_133418,12.2,-2.0,4.4,8.6,-2.2,1.8,11.8,,,1470.0,-660.0,540.0,0.14,-0.07,0.11,21.0,-1.7,2.7,8.84,-0.56,0.87,0.28,-0.11,0.09,1e-05,0.99,20.0,-1.6,2.7
GW231102_232433,,,,,,,7.6,,,,,,,,,,,,,,,,,,2.5,0.8,,,
GW231102_071736,61.0,-12.0,14.0,42.0,-13.0,13.0,15.6,,,3800.0,-1800.0,2100.0,0.06,-0.22,0.22,102.0,-13.0,21.0,43.3,-6.3,9.5,0.63,-0.26,0.27,1e-05,0.99,98.0,-13.0,19.0
GW231102_052214,,,,,,,7.9,,,,,,,,,,,,,,,,,,4.0,0.72,,,
GW231029_111508,65.0,-14.0,18.0,42.0,-15.0,15.0,10.8,,,3100.0,-1700.0,2400.0,0.14,-0.23,0.24,106.0,-16.0,22.0,44.4,-8.0,10.4,0.53,-0.26,0.32,5.1e-05,0.99,101.0,-16.0,21.0
GW231028_153006,94.0,-19.0,32.0,59.0,-24.0,21.0,22.4,,,4200.0,-1900.0,1300.0,0.45,-0.19,0.16,153.0,-14.0,29.0,63.0,-9.7,13.1,0.68,-0.26,0.17,1e-05,0.99,144.0,-13.0,27.0
GW231026_130704,34.0,-11.0,27.0,20.8,-8.2,9.8,8.3,,,4400.0,-2400.0,4000.0,0.03,-0.36,0.36,55.0,-14.0,29.0,22.8,-5.7,10.3,0.71,-0.33,0.49,0.7599999999999999,0.95,53.0,-13.0,28.0
GW231025_142306,,,,,,,8.3,,,,,,,,,,,,,,,,,,5.3,0.71,,,
GW231024_023603,,,,,,,8.3,,,,,,,,,,,,,,,,,,14.0,0.51,,,
GW231020_142947,12.0,-2.6,8.4,7.4,-2.8,2.0,12.0,,,1230.0,-640.0,510.0,0.14,-0.12,0.24,19.8,-2.1,5.4,8.07,-0.52,0.83,0.24,-0.12,0.08,1e-05,0.99,18.8,-2.0,5.6
GW231018_233037,11.6,-2.4,5.1,7.3,-2.1,1.9,9.1,,,1540.0,-740.0,740.0,0.01,-0.13,0.17,19.0,-2.0,3.4,7.9,-0.67,0.89,0.29,-0.13,0.12,0.68,0.93,18.2,-1.9,3.5
GW231014_040532,20.6,-4.0,7.9,14.7,-4.2,3.8,9.0,,,2300.0,-1200.0,1400.0,0.18,-0.28,0.26,35.6,-4.7,6.8,15.0,-1.9,2.6,0.42,-0.19,0.2,0.21,0.98,33.8,-4.4,6.5
GW231013_135504,,,,,,,8.4,,,,,,,,,,,,,,,,,,15.0,0.53,,,
GW231008_142521,45.0,-12.0,17.0,25.6,-9.7,10.7,9.3,,,3000.0,-1300.0,2500.0,-0.01,-0.28,0.25,71.0,-13.0,16.0,29.0,-5.7,6.9,0.51,-0.2,0.33,0.0015,0.99,69.0,-13.0,15.0
GW231007_134720,,,,,,,8.1,,,,,,,,,,,,,,,,,,8.3,0.63,,,
GW231005_144455,,,,,,,7.3,,,,,,,,,,,,,,,,,,14.0,0.52,,,
GW231005_091549,28.8,-6.1,10.1,21.2,-6.2,6.3,11.0,,,3800.0,-1900.0,2500.0,-0.03,-0.26,0.24,50.2,-8.3,11.3,21.3,-3.5,4.8,0.62,-0.27,0.32,0.04,0.99,48.0,-7.9,10.8
GW231005_021030,84.0,-23.0,29.0,50.0,-20.0,22.0,10.4,,,6300.0,-3200.0,4600.0,0.1,-0.37,0.36,133.0,-25.0,38.0,54.0,-11.0,17.0,0.93,-0.42,0.53,0.01,0.99,127.0,-25.0,36.0
GW231004_232346,64.0,-18.0,25.0,35.0,-14.0,16.0,8.9,,,4400.0,-2300.0,3700.0,-0.04,-0.37,0.3,99.0,-19.0,27.0,40.0,-8.6,11.5,0.7,-0.32,0.45,0.16,0.97,96.0,-19.0,26.0
GW231002_143916,,,,,,,9.4,,,,,,,,,,,,,,,,,,1.0,0.9,,,
GW231001_140220,76.0,-22.0,25.0,41.0,-16.0,18.0,11.5,,,4400.0,-2400.0,3900.0,-0.04,-0.35,0.33,116.0,-23.0,31.0,46.6,-9.9,13.8,0.7,-0.34,0.47,1.5e-05,0.99,111.0,-22.0,29.0
GW230930_110730,34.5,-7.9,13.2,24.4,-7.5,8.4,9.0,,,4900.0,-2500.0,3200.0,0.02,-0.27,0.26,59.0,-10.0,15.0,24.8,-4.1,6.5,0.76,-0.34,0.38,0.0949999999999999,0.99,56.3,-9.6,14.5
GW230928_215827,54.0,-16.0,19.0,29.0,-11.0,13.0,10.5,,,4900.0,-2500.0,4000.0,0.4,-0.28,0.2,83.0,-18.0,22.0,33.6,-7.4,9.9,0.77,-0.34,0.48,1.3999999999999998e-05,0.99,79.0,-17.0,21.0
GW230927_153832,21.7,-2.8,3.8,16.6,-2.6,2.5,20.3,,,1190.0,-540.0,370.0,0.03,-0.08,0.08,38.3,-2.1,3.3,16.37,-0.8,1.43,0.23,-0.1,0.06,1e-05,0.99,36.5,-2.1,3.1
GW230927_043729,35.0,-6.2,8.6,27.1,-6.5,7.3,12.1,,,3200.0,-1700.0,1800.0,0.01,-0.22,0.21,61.9,-8.2,12.6,26.5,-3.5,5.6,0.55,-0.26,0.24,1e-05,0.99,59.0,-7.8,11.8
GW230925_143957,,,,,,,8.0,,,,,,,,,,,,,,,,,,8.2,0.55,,,
GW230924_124453,28.8,-4.0,5.7,23.2,-4.3,4.4,13.5,,,2400.0,-1000.0,1000.0,0.02,-0.18,0.18,51.8,-4.9,7.1,22.3,-2.1,3.1,0.42,-0.16,0.15,1e-05,0.99,49.4,-4.6,6.7
GW230922_040658,76.0,-18.0,28.0,51.0,-24.0,22.0,12.5,,,6500.0,-3500.0,4100.0,0.31,-0.31,0.26,125.0,-21.0,37.0,52.0,-11.0,17.0,0.96,-0.45,0.47,1e-05,0.99,119.0,-21.0,34.0
GW230922_020344,39.3,-6.4,10.2,29.2,-6.2,5.6,13.4,,,1640.0,-740.0,730.0,0.03,-0.2,0.2,68.7,-6.6,9.1,29.2,-2.7,3.7,0.31,-0.13,0.11,1e-05,0.99,65.4,-6.2,8.6
GW230920_071124,32.4,-6.2,9.1,23.8,-6.8,6.6,11.1,,,2900.0,-1400.0,1800.0,,,,56.4,-8.0,10.3,23.9,-3.5,4.6,0.49,-0.21,0.24,1e-05,0.99,53.8,-7.6,9.6
GW230920_064709,,,,,,,9.5,,,,,,,,,,,,,,,,,,3.2,0.79,,,
GW230919_215712,27.3,-3.7,5.5,21.4,-4.2,3.5,16.8,,,1330.0,-510.0,790.0,0.18,-0.13,0.13,49.1,-4.5,4.2,21.0,-2.0,1.9,0.25,-0.09,0.13,1e-05,0.99,46.5,-4.3,4.0
GW230914_111401,60.0,-11.0,12.0,37.0,-12.0,13.0,17.2,,,2700.0,-1200.0,1600.0,0.12,-0.19,0.19,96.0,-10.0,15.0,39.8,-6.2,7.6,0.47,-0.19,0.22,1e-05,0.99,91.2,-9.9,14.2
GW230911_195324,33.9,-7.2,8.2,21.6,-5.6,5.7,11.1,,,1350.0,-710.0,1170.0,-0.02,-0.22,0.2,55.5,-7.1,8.0,23.2,-3.0,3.4,0.26,-0.13,0.18,0.001,0.99,53.1,-6.8,7.5
GW230904_152545,,,,,,,9.2,,,,,,,,,,,,,,,,,,4.4,0.75,,,
GW230904_051013,10.6,-1.9,4.2,7.1,-1.9,1.5,10.5,,,1030.0,-440.0,590.0,0.05,-0.07,0.15,17.9,-1.6,2.4,7.53,-0.59,0.54,0.2,-0.08,0.1,3.7e-05,0.99,17.1,-1.6,2.5
GW230902_224555,,,,,,,7.5,,,,,,,,,,,,,,,,,,14.0,0.51,,,
GW230902_172430,,,,,,,8.5,,,,,,,,,,,,,,,,,,10.0,0.6,,,
GW230902_150325,,,,,,,7.8,,,,,,,,,,,,,,,,,,7.400000000000001,0.65,,,
GW230902_122814,,,,,,,8.1,,,,,,,,,,,,,,,,,,2.0,0.84,,,
GW230831_134621,,,,,,,8.8,,,,,,,,,,,,,,,,,,2.8,0.8,,,
GW230831_015414,42.0,-11.0,18.0,30.0,-10.0,12.0,8.6,,,4900.0,-2900.0,4200.0,0.04,-0.3,0.29,73.0,-15.0,25.0,30.7,-6.5,10.5,0.77,-0.4,0.49,0.036,0.99,69.0,-14.0,24.0
GW230830_064744,,,,,,,8.5,,,,,,,,,,,,,,,,,,3.2,0.8,,,
GW230825_041334,44.0,-12.0,17.0,27.2,-8.8,12.0,8.8,,,4900.0,-2900.0,4200.0,0.29,-0.3,0.24,71.0,-16.0,22.0,29.5,-6.3,9.4,0.76,-0.4,0.51,0.093,0.99,67.0,-15.0,21.0
GW230824_135331,,,,,,,9.7,,,,,,,,,,,,,,,,,,6.2,0.58,,,
GW230824_033047,53.0,-11.0,16.0,36.0,-13.0,13.0,11.1,,,4700.0,-2300.0,2900.0,-0.01,-0.27,0.23,88.0,-13.0,20.0,36.9,-6.3,9.3,0.74,-0.32,0.35,1e-05,0.99,84.0,-13.0,19.0
GW230823_142524,,,,,,,8.8,,,,,,,,,,,,,,,,,,1.6,0.86,,,
GW230822_230337,,,,,,,8.3,,,,,,,,,,,,,,,,,,1.4,0.89,,,
GW230820_212515,62.0,-16.0,23.0,34.0,-18.0,18.0,9.3,,,4000.0,-2100.0,3000.0,0.21,-0.3,0.3,96.0,-17.0,22.0,38.5,-9.6,11.1,0.65,-0.3,0.37,0.24,0.98,92.0,-16.0,20.0
GW230819_171910,70.0,-21.0,43.0,35.0,-19.0,20.0,9.9,,,4100.0,-2200.0,3800.0,-0.04,-0.44,0.35,106.0,-22.0,38.0,42.0,-11.0,14.0,0.66,-0.31,0.47,0.011,0.99,102.0,-22.0,37.0
GW230817_212349,,,,,,,7.8,,,,,,,,,,,,,,,,,,2.0,0.86,,,
GW230814_230901,33.7,-2.2,2.9,28.2,-3.1,2.2,43.0,,,290.0,-130.0,180.0,-0.01,-0.07,0.06,61.9,-2.0,2.0,26.78,-1.03,0.88,0.06,-0.03,0.04,1e-05,0.99,59.0,-1.9,1.9
GW230814_061920,69.0,-18.0,20.0,42.0,-16.0,17.0,11.2,,,4000.0,-2000.0,3500.0,0.07,-0.28,0.29,111.0,-21.0,26.0,46.0,-10.0,12.0,0.64,-0.28,0.43,0.00059,0.99,106.0,-20.0,24.0
GW230811_032116,35.4,-7.3,8.6,22.3,-5.2,6.7,13.6,,,2100.0,-1100.0,1200.0,0.03,-0.18,0.18,57.9,-6.7,8.9,24.1,-2.5,4.1,0.38,-0.18,0.17,1e-05,0.99,55.3,-6.5,8.4
GW230807_205045,,,,,,,8.1,,,,,,,,,,,,,,,,,,2.9,0.82,,,
GW230806_204041,51.0,-12.0,18.0,35.0,-13.0,14.0,9.4,,,5500.0,-2900.0,3700.0,0.08,-0.27,0.27,86.0,-16.0,24.0,35.9,-7.0,10.7,0.84,-0.39,0.44,0.0035,0.99,82.0,-15.0,23.0
GW230805_034249,32.2,-7.3,12.3,22.6,-7.7,7.8,9.5,,,3500.0,-1700.0,2500.0,0.06,-0.28,0.27,54.9,-9.7,13.9,23.1,-4.2,5.9,0.58,-0.25,0.32,0.00029,0.99,52.4,-9.2,13.0
GW230803_033412,44.0,-12.0,19.0,29.0,-10.0,12.0,9.4,,,5000.0,-2600.0,4000.0,0.07,-0.32,0.3,73.0,-16.0,22.0,30.5,-6.7,9.2,0.78,-0.35,0.48,0.044,0.99,70.0,-15.0,21.0
GW230731_215307,10.3,-1.3,2.8,7.9,-1.7,1.2,12.2,,,1100.0,-460.0,350.0,-0.05,-0.06,0.11,18.3,-1.0,1.6,7.78,-0.37,0.58,0.22,-0.08,0.06,1e-05,0.99,17.4,-1.0,1.6
GW230729_082317,12.3,-2.7,7.6,7.6,-2.6,2.1,9.5,,,1640.0,-770.0,820.0,0.12,-0.13,0.22,20.3,-2.4,4.9,8.34,-0.76,0.94,0.31,-0.13,0.13,0.17,0.98,19.3,-2.3,5.1
GW230728_083628,,,,,,,13.1,,,,,,,,,,,,,,,,,,1.4,0.89,,,
GW230726_002940,35.6,-5.9,8.9,27.9,-5.9,6.0,10.5,,,2100.0,-1000.0,1300.0,-0.02,-0.23,0.21,63.6,-7.9,10.3,27.2,-3.4,4.4,0.37,-0.17,0.19,1e-05,0.99,60.6,-7.4,9.7
GW230723_101834,16.6,-3.3,5.6,10.6,-2.7,3.0,10.1,,,1610.0,-930.0,680.0,-0.18,-0.16,0.19,27.5,-2.6,3.9,11.4,-0.91,1.59,0.3,-0.16,0.11,0.00022,0.99,26.4,-2.6,3.8
GW230723_084820,,,,,,,8.4,,,,,,,,,,,,,,,,,,3.9,0.64,,,
GW230721_222634,,,,,,,7.9,,,,,,,,,,,,,,,,,,4.1,0.73,,,
GW230717_102139,,,,,,,8.3,,,,,,,,,,,,,,,,,,6.8,0.67,,,
GW230712_090405,32.0,-10.0,16.0,12.5,-5.2,15.3,9.5,,,2000.0,-1000.0,2400.0,-0.02,-0.31,0.35,46.0,-10.0,22.0,16.2,-2.9,11.5,0.37,-0.17,0.34,0.018,0.99,44.0,-10.0,21.0
GW230709_122727,45.0,-11.0,16.0,30.0,-13.0,12.0,10.2,,,4700.0,-2500.0,3500.0,0.08,-0.31,0.31,74.0,-14.0,20.0,30.9,-6.8,9.3,0.74,-0.35,0.43,0.00097,0.99,71.0,-13.0,19.0
GW230709_063445,,,,,,,7.9,,,,,,,,,,,,,,,,,,3.3,0.8,,,
GW230708_230935,64.0,-15.0,20.0,40.0,-15.0,14.0,10.0,,,3500.0,-1600.0,2300.0,0.01,-0.29,0.28,103.0,-15.0,22.0,42.6,-7.7,9.7,0.59,-0.24,0.3,0.001,0.99,99.0,-15.0,21.0
GW230708_071859,,,,,,,9.1,,,,,,,,,,,,,,,,,,1.4,0.89,,,
GW230708_053705,29.1,-5.4,8.2,22.7,-5.3,5.6,8.9,,,3300.0,-1700.0,2100.0,0.06,-0.24,0.23,51.9,-7.7,10.2,22.2,-3.3,4.4,0.55,-0.25,0.27,0.028,0.99,49.4,-7.3,9.6
GW230707_124047,46.1,-8.3,12.2,36.3,-9.6,10.6,11.9,,,4400.0,-2300.0,2400.0,-0.05,-0.28,0.25,82.0,-12.0,20.0,35.1,-5.3,8.6,0.71,-0.32,0.29,0.00042,0.99,78.0,-11.0,19.0
GW230706_104333,16.3,-3.0,5.3,11.5,-2.7,2.6,9.2,,,1910.0,-970.0,930.0,0.19,-0.13,0.13,28.0,-3.0,4.3,11.8,-1.1,1.6,0.35,-0.16,0.14,0.2199999999999999,0.99,26.6,-2.8,4.1
GW230704_212616,89.0,-27.0,40.0,50.0,-25.0,30.0,8.7,,,7300.0,-4200.0,6200.0,0.27,-0.43,0.35,139.0,-32.0,50.0,56.0,-15.0,23.0,1.06,-0.54,0.68,0.51,0.93,132.0,-31.0,47.0
GW230704_021211,32.6,-8.0,11.8,20.0,-5.9,6.6,9.4,,,2700.0,-1500.0,1900.0,-0.01,-0.24,0.21,53.0,-8.2,10.9,21.9,-3.2,4.4,0.47,-0.23,0.26,0.037,0.99,50.7,-7.9,10.6
GW230702_185453,40.0,-13.0,21.0,18.0,-6.6,8.8,10.1,,,2500.0,-1100.0,2000.0,0.05,-0.26,0.3,60.0,-11.0,15.0,22.9,-3.6,4.1,0.44,-0.18,0.27,1e-05,0.99,57.0,-11.0,16.0
GW230702_162025,,,,,,,9.2,,,,,,,,,,,,,,,,,,6.5,0.6,,,
GW230630_234532,10.0,-1.9,3.6,6.6,-1.6,1.5,9.9,,,1090.0,-490.0,520.0,-0.04,-0.09,0.16,16.8,-1.4,2.2,7.06,-0.48,0.56,0.21,-0.09,0.09,0.00042,0.99,16.1,-1.4,2.2
GW230630_125806,51.0,-15.0,20.0,33.0,-13.0,15.0,9.0,,,5400.0,-3000.0,5100.0,0.18,-0.3,0.3,84.0,-19.0,26.0,35.0,-8.4,11.4,0.83,-0.41,0.59,0.048,0.99,80.0,-18.0,24.0
GW230630_070659,,,,,,,9.8,,,,,,,,,,,,,,,,,,0.47,0.96,,,
GW230628_231200,32.5,-3.9,6.1,27.0,-5.2,4.9,16.4,,,2260.0,-1080.0,790.0,-0.01,-0.17,0.16,59.2,-4.9,8.5,25.5,-2.2,3.8,0.4,-0.17,0.12,1e-05,0.99,56.4,-4.5,8.0
GW230627_015337,8.4,-1.3,1.7,5.74,-0.92,0.99,28.7,,,305.0,-139.0,65.0,0.02,-0.04,0.08,14.22,-0.47,0.79,6.02,-0.07,0.17,0.07,-0.03,0.01,1e-05,0.99,13.57,-0.48,0.83
GW230625_211655,,,,,,,8.1,,,,,,,,,,,,,,,,,,9.8,0.61,,,
GW230624_214944,,,,,,,10.6,,,,,,,,,,,,,,,,,,2.2,0.74,,,
GW230624_113103,27.1,-6.8,14.0,16.1,-4.5,4.8,11.4,,,1930.0,-970.0,1270.0,0.17,-0.25,0.29,43.7,-6.5,11.3,18.0,-2.3,3.2,0.35,-0.16,0.19,0.00017,0.99,41.7,-6.2,11.0
GW230618_102550,,,,,,,7.8,,,,,,,,,,,,,,,,,,11.0,0.6,,,
GW230615_160825,,,,,,,8.9,,,,,,,,,,,,,,,,,,4.1,0.76,,,
GW230610_061439,,,,,,,8.3,,,,,,,,,,,,,,,,,,13.0,0.53,,,
GW230609_064958,35.4,-7.0,10.7,25.2,-7.4,7.6,10.6,,,3400.0,-1800.0,1900.0,-0.14,-0.27,0.22,60.5,-8.3,12.7,25.6,-3.7,5.6,0.56,-0.26,0.25,0.0001,0.99,58.0,-7.9,12.1
GW230609_010824,,,,,,,8.0,,,,,,,,,,,,,,,,,,2.7,0.85,,,
GW230608_205047,48.0,-11.0,13.0,31.0,-10.0,11.0,10.2,,,3500.0,-1700.0,2200.0,0.04,-0.26,0.25,79.0,-11.0,16.0,32.7,-5.4,7.3,0.58,-0.25,0.29,0.0011,0.99,75.0,-11.0,15.0
GW230606_065320,,,,,,,12.6,,,,,,,,,,,,,,,,,,7.900000000000001,0.64,,,
GW230606_024545,,,,,,,7.5,,,,,,,,,,,,,,,,,,1.5,0.88,,,
GW230606_004305,37.6,-7.6,13.3,25.7,-8.3,8.2,11.1,,,2800.0,-1400.0,1500.0,-0.11,-0.31,0.26,63.4,-8.4,13.5,26.5,-3.6,5.7,0.48,-0.22,0.21,0.00041,0.99,60.8,-8.0,12.8
GW230605_065343,17.4,-3.6,6.6,11.0,-2.7,2.5,11.4,,,1060.0,-480.0,610.0,0.06,-0.1,0.16,28.6,-2.8,4.1,11.95,-0.94,0.94,0.21,-0.09,0.1,1e-05,0.99,27.3,-2.8,4.2
GW230603_174756,,,,,,,8.0,,,,,,,,,,,,,,,,,,4.0,0.79,,,
GW230601_224134,64.0,-13.0,17.0,44.0,-15.0,14.0,13.4,,,3700.0,-1800.0,2100.0,-0.03,-0.32,0.27,107.0,-15.0,22.0,45.1,-7.4,9.8,0.6,-0.26,0.27,1e-05,0.99,102.0,-14.0,21.0
GW230531_141100,,,,,,,8.0,,,,,,,,,,,,,,,,,,3.5,0.72,,,
GW230529_181500,3.66,-1.21,0.82,1.42,-0.22,0.6,11.8,,,203.0,-98.0,103.0,-0.1,-0.18,0.12,5.08,-0.6,0.61,1.94,-0.04,0.04,0.04,-0.02,0.02,0.00022,0.99,,,
GW230528_145129,,,,,,,8.8,,,,,,,,,,,,,,,,,,14.0,0.5,,,
GW230518_125908,8.17,-0.92,0.84,1.45,-0.1,0.13,14.1,,,236.0,-96.0,108.0,-0.01,-0.11,0.09,9.61,-0.79,0.76,2.8,-0.06,0.06,0.05,-0.02,0.02,1e-05,0.99,,,
GW230517_044807,,,,,,,11.8,,,,,,,,,,,,,,,,,,8.5,0.62,,,
GW200322_091133,38.0,-22.0,130.0,11.3,-6.0,24.3,4.5,-3.0,2.7,3500.0,-2200.0,12500.0,0.27,-0.58,0.54,50.0,-22.0,132.0,15.0,-4.0,29.5,0.59,-0.32,1.43,140.0,0.61501,48.0,-22.0,132.0
GW200316_215756,13.1,-2.9,10.2,7.8,-2.9,2.0,10.3,-0.7,0.4,1120.0,-440.0,480.0,0.13,-0.1,0.27,21.2,-2.0,7.2,8.75,-0.55,0.62,0.22,-0.08,0.08,1e-05,0.99,20.2,-1.9,7.4
GW200311_115853,34.2,-3.8,6.4,27.7,-5.9,4.1,17.8,-0.2,0.2,1170.0,-400.0,280.0,-0.02,-0.2,0.16,61.9,-4.2,5.3,26.6,-2.0,2.4,0.23,-0.07,0.05,1e-05,0.99,59.0,-3.9,4.8
GW200308_173609,60.0,-29.0,166.0,24.0,-13.0,36.0,4.7,-2.9,2.5,7100.0,-4400.0,13900.0,0.16,-0.49,0.58,92.0,-48.0,169.0,34.0,-18.0,44.0,1.04,-0.57,1.47,2.4,0.8566,88.0,-47.0,169.0
GW200306_093714,28.3,-7.7,17.1,14.8,-6.4,6.5,7.8,-0.6,0.4,2100.0,-1100.0,1700.0,0.32,-0.46,0.28,43.9,-7.5,11.8,17.5,-3.0,3.5,0.38,-0.18,0.24,24.0,0.81156,41.7,-6.9,12.3
GW200302_015811,37.8,-8.5,8.7,20.0,-5.7,8.1,10.8,-0.4,0.3,1480.0,-700.0,1020.0,0.01,-0.26,0.25,57.8,-6.9,9.6,23.4,-3.0,4.7,0.28,-0.12,0.16,0.11,0.90643,55.5,-6.6,8.9
GW200225_060421,19.3,-3.0,5.0,14.0,-3.5,2.8,12.5,-0.4,0.3,1150.0,-530.0,510.0,-0.12,-0.28,0.17,33.5,-3.0,3.6,14.2,-1.4,1.5,0.22,-0.1,0.09,1.1e-05,0.99,32.1,-2.8,3.5
GW200224_222234,40.0,-4.5,6.7,32.7,-7.2,4.8,20.0,-0.2,0.2,1710.0,-650.0,500.0,0.1,-0.16,0.15,72.3,-5.3,7.2,31.1,-2.7,3.3,0.32,-0.11,0.08,1e-05,0.99,68.7,-4.8,6.7
GW200220_124850,38.9,-8.6,14.1,27.9,-9.0,9.2,8.5,-0.5,0.3,4000.0,-2200.0,2800.0,-0.07,-0.33,0.27,67.0,-12.0,17.0,28.2,-5.1,7.3,0.66,-0.31,0.36,30.0,0.82579,64.0,-11.0,16.0
GW200220_061928,87.0,-23.0,40.0,61.0,-25.0,26.0,7.2,-0.7,0.4,6000.0,-3100.0,4800.0,0.06,-0.38,0.4,148.0,-33.0,55.0,62.0,-15.0,23.0,0.9,-0.4,0.55,6.8,0.62376,141.0,-31.0,51.0
GW200219_094415,37.5,-6.9,10.1,27.9,-8.4,7.4,10.7,-0.5,0.3,3400.0,-1500.0,1700.0,-0.08,-0.29,0.23,65.0,-8.2,12.6,27.6,-3.8,5.6,0.57,-0.22,0.22,0.00099,0.99,62.2,-7.8,11.7
GW200216_220804,51.0,-13.0,22.0,30.0,-16.0,14.0,8.1,-0.5,0.4,3800.0,-2000.0,3000.0,0.1,-0.36,0.34,81.0,-14.0,20.0,32.9,-8.5,9.3,0.63,-0.29,0.37,0.35,0.77277,78.0,-13.0,19.0
GW200210_092254,24.1,-4.6,7.5,2.83,-0.42,0.47,8.4,-0.7,0.5,940.0,-340.0,430.0,0.02,-0.21,0.22,27.0,-4.3,7.1,6.56,-0.4,0.38,0.19,-0.06,0.08,1.2,0.54462,26.7,-4.3,7.2
GW200209_085452,35.6,-6.8,10.5,27.1,-7.8,7.8,9.6,-0.5,0.4,3400.0,-1800.0,1900.0,-0.12,-0.3,0.24,62.6,-9.4,13.9,26.7,-4.2,6.0,0.57,-0.26,0.25,0.046,0.97236,59.9,-8.9,13.1
GW200208_222617,51.0,-30.0,103.0,12.3,-5.5,9.2,7.4,-1.2,1.4,4100.0,-2000.0,4400.0,0.45,-0.46,0.42,63.0,-26.0,100.0,19.8,-5.2,10.5,0.66,-0.29,0.53,4.8,0.70006,61.0,-26.0,99.0
GW200208_130117,37.7,-6.2,9.3,27.4,-7.3,6.3,10.8,-0.4,0.3,2230.0,-850.0,1020.0,-0.07,-0.27,0.21,65.3,-6.8,8.1,27.7,-3.1,3.7,0.4,-0.14,0.15,0.00031,0.99,62.5,-6.4,7.5
GW200202_154313,10.1,-1.4,3.5,7.3,-1.7,1.1,10.8,-0.4,0.2,410.0,-160.0,150.0,0.04,-0.06,0.13,17.58,-0.67,1.78,7.49,-0.2,0.24,0.09,-0.03,0.03,1e-05,0.99,16.76,-0.66,1.87
GW200129_065458,34.5,-3.1,9.9,29.0,-9.3,3.3,26.8,-0.2,0.2,890.0,-370.0,260.0,0.11,-0.16,0.11,63.3,-3.4,4.5,27.2,-2.3,2.1,0.18,-0.07,0.05,1e-05,0.99,60.2,-3.2,4.1
GW200128_022011,42.2,-8.1,11.6,32.6,-9.2,9.5,10.6,-0.4,0.3,3400.0,-1800.0,2100.0,0.12,-0.25,0.24,75.0,-12.0,17.0,32.0,-5.5,7.5,0.56,-0.28,0.28,0.0043,0.99,71.0,-11.0,16.0
GW200115_042309,5.9,-2.5,2.0,1.44,-0.28,0.85,11.3,-0.5,0.3,290.0,-100.0,150.0,-0.15,-0.42,0.23,7.4,-1.7,1.7,2.43,-0.07,0.05,0.06,-0.02,0.03,1e-05,0.99,7.2,-1.7,1.8
GW200112_155838,35.6,-4.5,6.7,28.3,-5.9,4.4,19.8,-0.2,0.1,1250.0,-460.0,430.0,0.06,-0.15,0.15,63.9,-4.6,5.7,27.4,-2.1,2.6,0.24,-0.08,0.07,1e-05,0.99,60.8,-4.3,5.3
GW191230_180458,49.4,-9.6,14.0,37.0,-12.0,11.0,10.4,-0.4,0.3,4300.0,-1900.0,2100.0,-0.05,-0.31,0.26,86.0,-12.0,19.0,36.5,-5.6,8.2,0.69,-0.27,0.26,0.05,0.96159,82.0,-11.0,17.0
GW191222_033537,45.1,-8.0,10.9,34.7,-10.5,9.3,12.5,-0.3,0.2,3000.0,-1700.0,1700.0,-0.04,-0.25,0.2,79.0,-11.0,16.0,33.8,-5.0,7.1,0.51,-0.26,0.23,1e-05,0.99,75.5,-9.9,15.3
GW191219_163120,31.1,-2.8,2.2,1.17,-0.06,0.07,9.1,-0.8,0.5,550.0,-160.0,240.0,0.0,-0.09,0.07,32.3,-2.7,2.2,4.31,-0.17,0.12,0.11,-0.03,0.05,4.0,0.8224,32.2,-2.7,2.2
GW191216_213338,12.1,-2.2,4.6,7.7,-1.9,1.6,18.6,-0.2,0.2,340.0,-130.0,120.0,0.11,-0.06,0.13,19.8,-0.93,2.7,8.33,-0.19,0.22,0.07,-0.03,0.02,1e-05,0.99,18.87,-0.93,2.81
GW191215_223052,24.9,-4.1,7.1,18.1,-4.1,3.8,11.2,-0.4,0.3,1930.0,-860.0,890.0,-0.04,-0.21,0.17,43.3,-4.3,5.3,18.4,-1.7,2.2,0.35,-0.14,0.13,1e-05,0.99,41.4,-4.1,5.1
GW191204_171526,11.7,-1.7,3.3,8.4,-1.7,1.3,17.4,-0.3,0.2,640.0,-260.0,200.0,0.16,-0.05,0.08,20.19,-0.95,1.64,8.56,-0.28,0.41,0.13,-0.05,0.04,1e-05,0.99,19.18,-0.93,1.71
GW191204_110529,27.3,-5.9,10.8,19.2,-6.0,5.5,8.9,-0.6,0.4,1900.0,-1100.0,1700.0,0.05,-0.26,0.25,47.1,-7.8,9.1,19.8,-3.2,3.6,0.34,-0.18,0.25,3.3,0.74239,45.0,-7.5,8.7
GW191129_134029,10.7,-2.1,4.1,6.7,-1.7,1.5,13.1,-0.3,0.2,790.0,-330.0,260.0,0.06,-0.08,0.16,17.5,-1.2,2.4,7.31,-0.28,0.43,0.16,-0.06,0.05,1e-05,0.99,16.8,-1.2,2.5
GW191127_050227,53.0,-20.0,47.0,24.0,-14.0,17.0,9.2,-0.6,0.7,3400.0,-1900.0,3100.0,0.18,-0.36,0.34,80.0,-22.0,39.0,29.9,-9.1,11.7,0.57,-0.29,0.4,0.25,0.73996,76.0,-21.0,39.0
GW191126_115259,12.1,-2.2,5.5,8.3,-2.4,1.9,8.3,-0.5,0.2,1620.0,-740.0,740.0,0.21,-0.11,0.15,20.7,-2.0,3.4,8.65,-0.71,0.95,0.3,-0.13,0.12,3.2,0.70041,19.6,-2.0,3.5
GW191113_071753,29.0,-14.0,12.0,5.9,-1.3,4.4,7.9,-1.1,0.5,1370.0,-620.0,1150.0,0.0,-0.29,0.37,34.5,-9.8,10.5,10.7,-1.0,1.1,0.26,-0.11,0.18,26.0,0.68339,34.0,-10.0,11.0
GW191109_010717,65.0,-11.0,11.0,47.0,-13.0,15.0,17.3,-0.5,0.5,1290.0,-650.0,1130.0,-0.29,-0.31,0.42,112.0,-16.0,20.0,47.5,-7.5,9.6,0.25,-0.12,0.18,0.00018,0.99,107.0,-15.0,18.0
GW191105_143521,10.7,-1.6,3.7,7.7,-1.9,1.4,9.7,-0.5,0.3,1150.0,-480.0,430.0,-0.02,-0.09,0.13,18.5,-1.3,2.1,7.82,-0.45,0.61,0.23,-0.09,0.07,0.012,0.99,17.6,-1.2,2.1
GW191103_012549,11.8,-2.2,6.2,7.9,-2.4,1.7,8.9,-0.5,0.3,990.0,-470.0,500.0,0.21,-0.1,0.16,20.0,-1.8,3.7,8.34,-0.57,0.66,0.2,-0.09,0.09,0.46,0.94318,19.0,-1.7,3.8
GW190930_133541,14.2,-4.0,8.0,6.9,-2.1,2.4,9.7,-0.5,0.3,770.0,-320.0,320.0,0.19,-0.16,0.22,21.2,-2.0,5.9,8.5,-0.4,0.5,0.16,-0.06,0.06,0.012,0.99785,20.2,-2.0,6.1
GW190929_012149,66.3,-16.6,21.6,26.8,-10.6,14.7,9.7,-0.6,0.4,3130.0,-1370.0,2510.0,-0.03,-0.28,0.23,93.3,-15.0,23.3,35.6,-7.4,10.2,0.53,-0.2,0.33,0.16,0.87042,90.3,-14.6,22.3
GW190926_050336,41.1,-12.5,20.8,20.4,-8.2,11.4,8.1,-0.8,0.6,3280.0,-1730.0,3400.0,-0.02,-0.32,0.25,61.9,-12.0,22.7,24.4,-4.9,9.0,0.55,-0.26,0.44,1.1,0.54334,59.6,-11.8,22.1
GW190925_232845,20.8,-2.9,6.5,15.5,-3.6,2.5,9.7,-0.6,0.3,930.0,-350.0,460.0,0.09,-0.15,0.16,36.7,-2.8,3.6,15.6,-1.1,1.1,0.19,-0.07,0.08,0.0072,0.98849,34.9,-2.6,3.5
GW190924_021846,8.8,-1.8,4.3,5.1,-1.5,1.2,12.0,-0.4,0.3,550.0,-220.0,220.0,0.03,-0.08,0.2,13.9,-0.9,2.8,5.8,-0.2,0.2,0.11,-0.04,0.04,1e-05,1.0,13.3,-0.9,3.0
GW190917_114630,9.7,-3.9,3.4,2.1,-0.4,1.1,8.3,-0.8,0.5,720.0,-310.0,300.0,-0.08,-0.43,0.21,11.8,-2.8,3.0,3.7,-0.2,0.2,0.15,-0.06,0.05,0.66,0.76643,11.6,-2.9,3.1
GW190916_200658,43.8,-12.6,19.9,23.3,-10.0,12.5,8.1,-0.5,0.3,4940.0,-2380.0,3710.0,0.2,-0.31,0.33,68.0,-13.1,18.3,26.9,-5.4,8.2,0.77,-0.32,0.45,4.7,0.65727,65.0,-12.6,17.3
GW190915_235702,32.6,-4.9,8.8,24.5,-5.8,4.9,13.1,-0.3,0.2,1750.0,-650.0,710.0,-0.03,-0.24,0.19,57.2,-5.3,7.1,24.4,-2.3,3.0,0.32,-0.11,0.11,1e-05,1.0,54.7,-5.0,6.6
GW190910_112807,43.8,-6.8,7.6,34.2,-7.3,6.6,14.5,-0.3,0.2,1520.0,-630.0,1090.0,0.0,-0.2,0.17,78.0,-9.1,9.3,33.5,-4.1,4.2,0.29,-0.11,0.17,0.0029,0.99669,74.4,-8.6,8.5
GW190828_065509,23.7,-6.7,6.8,10.4,-2.2,3.8,10.2,-0.5,0.4,1540.0,-650.0,690.0,0.05,-0.17,0.16,34.3,-4.3,5.2,13.4,-1.0,1.4,0.29,-0.11,0.11,3.5e-05,0.99998,33.0,-4.3,5.3
GW190828_063405,31.9,-4.1,5.4,25.8,-5.3,4.9,16.5,-0.3,0.2,2070.0,-920.0,650.0,0.15,-0.16,0.15,57.2,-4.3,7.9,24.6,-2.0,3.6,0.38,-0.15,0.1,1e-05,1.0,54.3,-4.0,7.3
GW190814,23.3,-1.4,1.4,2.6,-0.1,0.1,25.3,-0.2,0.1,230.0,-50.0,40.0,0.0,-0.07,0.07,25.9,-1.3,1.3,6.11,-0.05,0.06,0.05,-0.01,0.01,1e-05,1.0,25.7,-1.3,1.3
GW190805_211137,46.2,-11.2,15.4,30.6,-11.3,11.8,8.1,-0.7,0.5,6130.0,-3080.0,3720.0,0.37,-0.39,0.29,76.7,-13.8,19.5,31.9,-6.3,8.8,0.92,-0.4,0.43,0.63,0.95372,72.4,-13.2,18.2
GW190803_022701,37.7,-6.7,9.8,27.6,-8.5,7.6,9.3,-0.5,0.3,3190.0,-1470.0,1630.0,-0.01,-0.28,0.23,65.0,-8.1,12.0,27.6,-3.8,5.4,0.54,-0.22,0.22,0.073,0.97383,62.1,-7.6,11.2
GW190731_140936,41.8,-9.1,12.7,29.0,-9.9,10.2,8.8,-0.4,0.3,3330.0,-1770.0,2350.0,0.07,-0.25,0.28,70.7,-11.4,16.3,29.7,-5.3,7.4,0.56,-0.26,0.31,0.33,0.83427,67.4,-10.8,15.3
GW190728_064510,12.5,-2.3,6.9,8.0,-2.6,1.7,13.1,-0.4,0.3,880.0,-380.0,260.0,0.13,-0.07,0.19,20.7,-1.4,4.2,8.6,-0.3,0.6,0.18,-0.07,0.05,1e-05,1.0,19.7,-1.4,4.4
GW190727_060333,38.9,-6.0,8.9,30.2,-8.3,6.5,11.7,-0.5,0.2,3070.0,-1230.0,1300.0,0.09,-0.27,0.25,68.8,-7.8,10.2,29.4,-3.7,4.6,0.52,-0.18,0.18,1e-05,1.0,65.4,-7.3,9.5
GW190725_174728,11.8,-3.0,10.1,6.3,-2.5,2.1,9.1,-0.7,0.4,1030.0,-430.0,520.0,-0.04,-0.16,0.36,18.3,-1.9,7.4,7.4,-0.5,0.5,0.2,-0.08,0.09,0.46,0.96021,17.6,-1.8,7.7
GW190720_000836,14.2,-3.3,5.6,7.5,-1.8,2.2,10.9,-0.8,0.3,770.0,-260.0,650.0,0.19,-0.11,0.14,21.8,-2.0,3.8,9.0,-0.8,0.4,0.16,-0.05,0.11,1e-05,1.0,20.8,-2.0,3.9
GW190719_215514,36.6,-11.1,42.1,19.9,-9.3,10.0,7.9,-0.7,0.3,3730.0,-2070.0,3120.0,0.25,-0.32,0.33,57.2,-11.6,38.4,22.8,-4.3,8.3,0.61,-0.3,0.39,0.63,0.91976,54.5,-11.1,38.3
GW190708_232457,19.8,-4.3,4.3,11.6,-2.0,3.1,13.4,-0.3,0.2,930.0,-390.0,310.0,0.05,-0.1,0.1,31.4,-2.2,2.8,13.1,-0.6,0.9,0.19,-0.07,0.06,0.00031,0.99965,30.1,-2.1,2.9
GW190707_093326,12.1,-2.0,2.6,7.9,-1.3,1.6,13.1,-0.4,0.2,850.0,-400.0,340.0,-0.04,-0.09,0.1,20.1,-1.2,1.7,8.4,-0.4,0.6,0.17,-0.08,0.06,1e-05,1.0,19.2,-1.2,1.7
GW190706_222641,74.0,-16.9,20.1,39.4,-15.4,18.4,13.4,-0.4,0.2,3630.0,-2000.0,2600.0,0.28,-0.31,0.25,112.6,-16.8,27.4,45.6,-9.1,13.0,0.6,-0.29,0.33,5e-05,1.0,107.3,-15.9,25.2
GW190701_203306,54.1,-8.0,12.6,40.5,-12.1,8.7,11.2,-0.4,0.2,2090.0,-740.0,770.0,-0.08,-0.31,0.23,94.3,-9.5,12.0,40.2,-5.0,5.4,0.38,-0.12,0.11,0.0057,0.99986,90.2,-8.9,11.2
GW190630_185205,35.1,-5.5,6.5,24.0,-5.2,5.5,16.4,-0.3,0.2,870.0,-360.0,530.0,0.1,-0.13,0.14,59.4,-4.8,4.7,25.1,-2.1,2.2,0.18,-0.07,0.09,1e-05,1.0,56.6,-4.5,4.4
GW190620_030421,58.0,-13.3,19.2,35.0,-14.5,13.1,12.1,-0.4,0.3,2910.0,-1320.0,1710.0,0.34,-0.29,0.22,92.7,-13.2,18.5,38.1,-7.2,8.5,0.5,-0.2,0.23,0.011,0.98748,88.0,-12.4,17.2
GW190602_175927,71.8,-14.6,18.1,44.8,-19.6,15.5,13.2,-0.3,0.2,2840.0,-1280.0,1930.0,0.12,-0.28,0.25,115.6,-14.8,19.2,48.0,-9.7,9.5,0.49,-0.2,0.26,1e-05,1.0,110.5,-13.9,17.9
GW190527_092055,35.6,-8.0,18.7,22.2,-8.7,9.0,8.0,-0.9,0.4,2520.0,-1230.0,2080.0,0.1,-0.22,0.22,58.1,-8.8,18.1,23.9,-3.9,6.8,0.44,-0.19,0.29,0.23,0.84784,55.5,-8.5,17.9
GW190521_074359,43.4,-5.5,5.8,33.4,-6.8,5.2,25.9,-0.2,0.1,1080.0,-530.0,580.0,0.1,-0.13,0.13,76.3,-5.9,7.0,32.8,-2.8,3.2,0.21,-0.1,0.1,1e-05,1.0,72.6,-5.4,6.5
GW190521,98.4,-21.7,33.6,57.2,-30.1,27.1,14.3,-0.4,0.5,3310.0,-1800.0,2790.0,-0.14,-0.45,0.5,153.1,-16.2,42.2,63.3,-14.6,19.6,0.56,-0.27,0.36,0.0013,0.99989,147.4,-16.0,40.0
GW190519_153544,65.1,-11.0,10.8,40.8,-12.7,11.5,15.9,-0.3,0.2,2600.0,-960.0,1720.0,0.33,-0.24,0.2,105.6,-13.9,14.4,44.3,-7.5,6.8,0.45,-0.15,0.24,1e-05,1.0,100.0,-12.9,13.0
GW190517_055101,39.2,-9.2,13.9,24.0,-7.9,7.4,10.8,-0.6,0.5,1790.0,-880.0,1750.0,0.49,-0.28,0.21,64.1,-9.8,9.9,26.5,-4.2,4.0,0.33,-0.15,0.26,0.00035,1.0,60.1,-9.4,9.9
GW190514_065416,40.9,-9.3,17.3,28.4,-10.1,10.0,8.0,-0.6,0.3,3890.0,-2070.0,2610.0,-0.08,-0.35,0.29,69.3,-12.1,19.8,29.1,-5.4,8.1,0.64,-0.3,0.33,2.8,0.76021,66.4,-11.5,19.0
GW190513_205428,36.0,-9.7,10.6,18.3,-4.7,7.4,12.5,-0.4,0.3,2210.0,-810.0,990.0,0.16,-0.22,0.29,54.4,-6.7,9.3,21.8,-2.2,3.8,0.4,-0.13,0.14,1.3e-05,0.99998,52.1,-6.6,8.8
GW190512_180714,23.2,-5.6,5.6,12.5,-2.6,3.5,12.7,-0.4,0.3,1460.0,-590.0,510.0,0.02,-0.14,0.13,35.8,-3.5,4.1,14.6,-0.9,1.4,0.28,-0.1,0.08,1e-05,1.0,34.3,-3.4,4.1
GW190503_185404,41.3,-7.7,10.3,28.3,-9.2,7.5,12.2,-0.4,0.2,1520.0,-600.0,630.0,-0.05,-0.3,0.23,69.4,-8.6,10.1,29.3,-4.4,4.5,0.29,-0.1,0.1,1e-05,1.0,66.5,-7.9,9.4
GW190426_190642,105.5,-24.1,45.3,76.0,-36.5,26.2,8.7,-0.6,0.4,4580.0,-2280.0,3400.0,0.23,-0.41,0.42,182.3,-35.7,40.2,76.0,-17.4,19.1,0.73,-0.32,0.41,4.1,0.75053,172.9,-33.6,37.7
GW190425,2.1,-0.4,0.5,1.3,-0.2,0.3,12.4,-0.4,0.4,150.0,-60.0,80.0,0.07,-0.05,0.07,3.4,-0.1,0.3,1.44,-0.02,0.02,0.03,-0.01,0.02,0.034,0.78349,,,
GW190421_213856,42.0,-7.4,10.1,32.0,-9.8,8.3,10.7,-0.4,0.2,2590.0,-1240.0,1490.0,-0.1,-0.27,0.21,73.6,-9.5,13.2,31.4,-4.6,6.0,0.45,-0.19,0.21,0.0028,0.99792,70.5,-9.0,12.4
GW190413_134308,51.3,-12.6,16.6,30.4,-12.7,11.7,10.6,-0.5,0.4,3800.0,-1830.0,2480.0,-0.01,-0.38,0.28,81.3,-11.8,16.8,33.3,-6.3,7.8,0.62,-0.26,0.32,0.18,0.99058,78.0,-11.5,16.1
GW190413_052954,33.7,-6.4,10.4,24.2,-7.0,6.5,9.0,-0.8,0.4,3320.0,-1400.0,1910.0,-0.04,-0.32,0.27,58.0,-7.8,10.6,24.5,-3.4,4.6,0.56,-0.21,0.25,0.82,0.9275,55.5,-7.3,10.1
GW190412,27.7,-6.0,6.0,9.0,-1.4,2.0,19.8,-0.3,0.2,720.0,-220.0,240.0,0.21,-0.13,0.12,36.8,-4.4,4.7,13.3,-0.5,0.5,0.15,-0.04,0.04,1e-05,1.0,35.6,-4.5,4.8
GW190408_181802,24.8,-3.5,5.4,18.5,-4.0,3.3,14.6,-0.3,0.2,1540.0,-620.0,440.0,-0.03,-0.17,0.13,43.4,-3.0,4.2,18.5,-1.2,1.9,0.29,-0.11,0.07,1e-05,1.0,41.4,-2.9,3.9
GW190403_051519,85.0,-33.0,27.8,20.0,-8.4,26.3,7.6,-1.1,0.6,8280.0,-4290.0,6720.0,0.68,-0.43,0.16,106.6,-23.6,26.7,34.0,-8.4,15.1,1.18,-0.53,0.73,7.7,0.60924,102.2,-24.3,26.3
GW170823,38.3,-6.2,9.5,29.0,-7.8,6.5,12.2,-0.3,0.2,1970.0,-930.0,840.0,0.05,-0.22,0.21,67.0,-7.2,10.3,28.6,-3.3,4.5,0.36,-0.15,0.13,,,63.9,-6.8,9.6
GW170818,34.8,-4.2,6.5,27.6,-5.1,4.1,12.0,-0.4,0.3,1080.0,-410.0,430.0,-0.06,-0.22,0.19,62.5,-4.6,5.3,26.8,-2.0,2.3,0.21,-0.07,0.07,,,59.7,-4.2,4.9
GW170817,1.46,-0.1,0.12,1.27,-0.09,0.09,33.0,,,40.0,-15.0,7.0,0.0,-0.01,0.02,,,,1.186,-0.001,0.001,0.01,0.0,0.0,1e-07,1.0,2.8,,
GW170814,30.9,-3.3,5.4,24.9,-4.0,3.0,17.7,-0.3,0.2,610.0,-230.0,160.0,0.08,-0.12,0.13,56.0,-3.0,3.5,24.1,-1.2,1.4,0.13,-0.05,0.03,,,53.2,-2.7,3.2
GW170809,34.1,-5.3,8.0,24.2,-5.3,4.8,12.8,-0.3,0.2,1070.0,-380.0,310.0,0.07,-0.17,0.17,58.5,-3.9,5.3,24.8,-1.6,2.2,0.21,-0.07,0.05,,,55.7,-3.6,5.0
GW170729,54.7,-12.8,12.7,30.2,-10.2,11.9,10.7,-0.5,0.4,2490.0,-1230.0,1690.0,0.29,-0.33,0.25,84.4,-10.9,15.0,34.6,-5.7,7.0,0.44,-0.19,0.24,,,80.3,-10.2,13.5
GW170608,10.6,-1.4,4.0,7.8,-1.9,1.2,15.3,-0.3,0.2,340.0,-130.0,120.0,0.05,-0.05,0.13,18.5,-0.6,2.0,7.9,-0.2,0.2,0.07,-0.03,0.03,,,17.7,-0.6,2.1
GW170104,28.7,-4.2,6.6,20.8,-4.7,4.1,13.8,-0.3,0.2,1110.0,-480.0,390.0,-0.04,-0.19,0.15,49.6,-3.6,4.7,21.1,-1.5,2.0,0.22,-0.09,0.07,,,47.5,-3.4,4.5
GW151226,14.2,-3.6,11.1,7.5,-2.8,2.4,12.7,-0.4,0.3,460.0,-200.0,160.0,0.2,-0.08,0.23,21.7,-1.6,8.3,8.9,-0.3,0.3,0.1,-0.04,0.03,,,20.7,-1.6,8.6
GW151012,24.8,-6.3,14.5,13.6,-4.9,4.5,9.3,-0.5,0.3,1000.0,-490.0,640.0,0.12,-0.21,0.28,38.8,-4.7,10.3,15.6,-1.5,2.3,0.2,-0.09,0.11,,,37.1,-4.6,10.6
GW150914,34.6,-2.6,4.4,30.0,-4.6,2.9,26.0,-0.2,0.1,470.0,-160.0,140.0,-0.04,-0.14,0.12,64.5,-3.2,3.7,27.9,-1.5,1.7,0.1,-0.03,0.03,,,61.5,-2.9,3.4
