Name,LUMG,P,PdotCor,EdotCor,"BdotS,Cor",ECut_HYB,n_ECut_HYB
J0002+6216,9.01e+33,115.36,5.97e-15,1.5299999999999998e+35,840000000000.0,2.55,206.0
J0007+7303,1.01e+35,315.89,3.56e-13,4.46e+35,10700000000000.0,4.8,3457.2
J0023+0923,3.03e+33,3.05,8.880000000000001e-21,1.24e+34,167000000.0,2.54,175.6
J0030+0451,7.43e+32,4.87,1.05e-20,3.5999999999999997e+33,229000000.0,2.35,2141.8
J0034-0534,4.38e+33,1.88,4.47e-21,2.66e+34,92800000.0,3.61,308.0
J0101-6422,1.56e+33,2.57,3.44e-21,8.01e+33,95200000.0,2.54,483.7
J0102+4839,9.59e+33,2.96,1.16e-20,1.7600000000000002e+34,187000000.0,3.85,155.4
J0106+4855,2.16e+34,83.16,4.28e-16,2.94e+34,191000000000.0,2.99,314.3
J0205+6449,7.88e+34,65.75,1.92e-13,2.67e+37,3600000000000.0,4.12,55.2
J0218+4232,5.7400000000000005e+34,2.32,7.65e-20,2.4199999999999997e+35,426000000.0,4.56,428.2
J0248+4230,7.95e+32,2.6,1.68e-20,3.78e+34,212000000.0,1.58,62.3
J0248+6021,1.41e+34,217.12,5.52e-14,2.13e+35,3500000000000.0,1.38,515.6
J0251+2606,7.990000000000001e+32,2.54,5.290000000000001e-21,1.28e+34,117000000.0,2.21,126.8
J0307+7443,2.93e+32,3.16,1.71e-20,2.17e+34,235000000.0,1.72,593.5
J0312-0921,4.43e+32,3.7,1.25e-20,9.7e+33,217000000.0,1.65,183.1
J0318+0253,1.33e+33,5.19,1.76e-20,4.98e+33,306000000.0,2.2,175.4
J0340+4130,5.94e+33,3.3,5.53e-21,6.079999999999999e+33,137000000.0,3.34,243.4
J0418+6635,6.02e+33,2.91,1.37e-20,2.1900000000000003e+34,202000000.0,4.09,85.4
J0437-4715,5.17e+31,5.76,1.4e-20,2.8899999999999997e+33,287000000.0,0.7,1019.6
J0514-4408,6.23e+32,320.27,2.04e-15,2.4499999999999998e+33,818000000000.0,0.85,199.7
J0533+6759,6.379999999999999e+33,4.39,1.26e-20,5.9e+33,238000000.0,3.61,143.7
J0534+2200,6.85e+35,33.65,4.2e-13,4.35e+38,3810000000000.0,8.26,1217.8
J0540-6919,7.889999999999999e+36,50.65,4.79e-13,1.46e+38,4980000000000.0,5.41,101.7
J0605+3757,3.5599999999999997e+31,2.73,4.72e-21,9.169999999999999e+33,115000000.0,1.55,185.0
J0610-2100,4.1899999999999996e+33,3.86,5.100000000000001e-21,3.5e+33,142000000.0,1.99,249.0
J0613-0200,2.78e+33,3.06,8.880000000000001e-21,1.22e+34,167000000.0,3.06,387.2
J0614-3329,5.44e+33,3.15,1.8e-20,2.27e+34,241000000.0,4.06,2046.2
J0621+2514,1.3099999999999998e+33,2.72,2.49e-20,4.87e+34,263000000.0,1.47,36.6
J0631+0646,4.03e+34,110.98,3.62e-15,1.04e+35,641000000000.0,2.66,92.1
J0631+1036,1.61e+34,287.82,1.03e-13,1.7e+35,5500000000000.0,3.39,198.3
J0633+1746,1.8200000000000002e+34,237.1,1.1e-14,3.25e+34,1630000000000.0,2.79,56579.4
J0653+4706,1.95e+32,4.75,2.08e-20,7.61e+33,318000000.0,0.93,59.2
J0659+1414,2.64e+32,384.92,5.5e-14,3.8e+34,4650000000000.0,1.74,177.5
J0729-1448,5.1599999999999996e+33,251.71,1.13e-13,2.8099999999999998e+35,5410000000000.0,4.43,10.6
J0740+6620,4.48e+32,2.88,3.7e-21,6.12e+33,104000000.0,2.91,72.1
J0742-2822,7.28e+33,166.77,1.67e-14,1.42e+35,1690000000000.0,3.26,151.1
J0751+1807,1.48e+33,3.48,5.930000000000001e-21,5.56e+33,145000000.0,1.96,176.2
J0835-4510,8.720000000000001e+34,89.37,1.22e-13,6.76e+36,3350000000000.0,3.87,44236.6
J0908-4913,2.6199999999999997e+33,106.77,1.51e-14,4.8999999999999995e+35,1290000000000.0,1.48,186.5
J0922+0638,3.12e+32,430.62,1.37e-14,6.77e+33,2460000000000.0,8.86,1.6
J0931-1902,2.39e+33,4.64,3.3200000000000002e-21,1.3099999999999998e+33,126000000.0,0.75,36.2
J0940-5428,2.97e+32,87.56,3.28e-14,1.9299999999999998e+36,1710000000000.0,2.5,213.8
J0952-0607,1.1e+34,1.41,4.76e-21,6.6500000000000005e+34,82900000.0,1.47,63.1
J0955-6150,4.36e+33,1.99,1.46e-20,7.33e+34,173000000.0,3.42,84.8
J1012-4235,9.32e+31,3.1,6.550000000000001e-21,8.68e+33,144000000.0,5.3,38.0
J1016-5857,8.38e+34,107.4,8.04e-14,2.56e+36,2970000000000.0,3.92,58.4
J1019-5749,3.8799999999999996e+35,162.51,2.01e-14,1.85e+35,1830000000000.0,5.82,18.1
J1024-0719,7.67e+32,5.16,1.86e-20,5.33e+33,313000000.0,2.57,102.6
J1028-5819,5.940000000000001e+34,91.4,1.42e-14,7.339999999999999e+35,1150000000000.0,3.99,1129.9
J1035-6720,4.81e+33,2.87,4.56e-20,7.62e+34,366000000.0,2.2,497.1
J1036-8317,2.29e+33,3.41,2.9e-20,2.88e+34,318000000.0,2.57,86.0
J1048+2339,1.02e+33,4.67,2.51e-20,9.729999999999999e+33,347000000.0,4.5,48.5
J1048-5832,1.8599999999999998e+35,123.71,9.55e-14,1.9899999999999998e+36,3480000000000.0,3.91,1178.8
J1055-6028,3.36e+34,99.66,1.09e-12,4.329999999999999e+37,10500000000000.0,3.9,40.9
J1057-5226,4.34e+33,197.11,5.84e-15,3.01e+34,1090000000000.0,1.51,12333.6
J1105-6107,1.56e+34,63.2,1.58e-14,2.48e+36,1010000000000.0,3.59,59.5
J1112-6103,5.33e+34,64.97,3.15e-14,4.54e+36,1450000000000.0,5.78,13.2
J1119-6127,3.71e+35,409.14,4.04e-12,2.33e+36,41200000000000.0,2.49,33.3
J1124-3653,1.46e+33,2.41,5.91e-21,1.67e+34,121000000.0,3.45,249.2
J1124-5916,1.6799999999999998e+35,135.54,7.51e-13,1.19e+37,10200000000000.0,4.08,344.2
J1125-5825,2.35e+33,3.1,6e-20,7.950000000000001e+34,436000000.0,3.28,40.7
J1125-6014,3.61e+32,2.63,2.08e-21,4.51e+33,74800000.0,1.73,17.3
J1137+7528,1.06e+33,2.51,3.2e-21,7.96e+33,90700000.0,1.73,5.3
J1142+0119,3.63e+33,5.08,1.5e-20,4.52e+33,279000000.0,3.87,80.3
J1151-6108,6.099999999999999e+33,101.63,1.03e-14,3.8699999999999995e+35,1030000000000.0,2.45,94.0
J1207-5050,9.2e+32,4.84,5.8800000000000005e-21,2.05e+33,171000000.0,1.74,114.1
J1221-0633,1.09e+33,1.93,1.09e-20,5.920000000000001e+34,146000000.0,3.13,101.9
J1227-4853,6.98e+33,1.69,1.07e-20,8.73e+34,136000000.0,5.5,36.6
J1231-1411,2.13e+33,3.68,7.18e-21,5.69e+33,164000000.0,2.55,3067.6
J1253-5820,1.37e+33,255.5,2.11e-15,4.98e+33,742000000000.0,0.82,35.9
J1301+0833,2.88e+33,1.84,6.890000000000001e-21,4.370000000000001e+34,114000000.0,2.48,220.5
J1302-3258,2.67e+33,3.77,4.9e-21,3.6099999999999996e+33,138000000.0,2.41,196.0
J1311-3430,1.8100000000000002e+34,2.56,2.05e-20,4.8300000000000005e+34,232000000.0,5.06,499.0
J1312+0051,3.78e+33,4.23,8.700000000000001e-21,4.54e+33,194000000.0,1.93,422.6
J1341-6220,4.2399999999999996e+35,193.44,2.53e-13,1.38e+36,7080000000000.0,16.81,1.7
J1357-6429,3.39e+34,166.19,3.54e-13,3.05e+36,7770000000000.0,1.92,338.5
J1400-1431,5.93e+31,3.08,3.6200000000000004e-21,4.8899999999999996e+33,107000000.0,1.98,188.0
J1410-6132,4.98e+35,50.06,3.18e-14,1e+37,1280000000000.0,2.24,27.3
J1418-6058,9.1e+34,110.58,1.71e-13,4.99e+36,4400000000000.0,3.6,290.6
J1420-6048,4.8999999999999995e+35,68.21,8.24e-14,1.03e+37,2400000000000.0,3.21,86.9
J1431-4715,1.7399999999999998e+33,2.01,1.12e-20,5.43e+34,152000000.0,2.16,56.0
J1446-4701,2.26e+33,2.19,9.63e-21,3.6200000000000004e+34,147000000.0,3.86,81.3
J1455-3330,6.3599999999999995e+31,7.99,2.37e-20,1.83e+33,440000000.0,1.45,16.6
J1509-5850,1.6599999999999999e+35,88.92,9.2e-15,5.17e+35,915000000000.0,4.1,359.7
J1513-2550,1.4300000000000001e+34,2.12,2.09e-20,8.68e+34,213000000.0,3.14,117.4
J1514-4946,4.13e+33,3.59,1.71e-20,1.46e+34,251000000.0,4.39,313.8
J1531-5610,1.7600000000000002e+34,84.21,1.38e-14,9.12e+35,1090000000000.0,1.38,110.3
J1536-4948,9.14e+33,3.08,2.07e-20,2.79e+34,255000000.0,5.84,367.9
J1543-5149,2.78e+33,2.06,1.6e-20,7.22e+34,184000000.0,3.3,94.7
J1544+4937,2.53e+33,2.16,2.14e-21,8.4e+33,68800000.0,3.53,39.6
J1552+5437,2.28e+33,2.43,2.82e-21,7.789999999999999e+33,83800000.0,3.39,64.4
J1555-2908,1.45e+34,1.79,4.45e-20,3.08e+35,286000000.0,3.97,25.3
J1600-3053,3.42e+33,3.6,8.52e-21,7.209999999999999e+33,177000000.0,3.08,118.2
J1614-2230,1.5199999999999998e+33,3.15,3.9800000000000006e-21,5.0299999999999996e+33,113000000.0,2.08,607.6
J1614-5048,6.400000000000001e+34,231.89,4.92e-13,1.56e+36,10800000000000.0,3.28,9.9
J1622-0315,1.3099999999999998e+33,3.85,9.600000000000001e-21,6.639999999999999e+33,195000000.0,3.75,79.2
J1625-0021,2.24e+33,2.83,2.13e-20,3.7e+34,249000000.0,1.91,571.4
J1628-3205,1.92e+33,3.21,9.980000000000001e-21,1.19e+34,181000000.0,2.17,228.0
J1630+3734,1.0099999999999999e+33,3.32,8.04e-21,8.669999999999999e+33,165000000.0,1.86,215.2
J1640+2224,6.21e+32,3.16,1.8400000000000002e-21,2.3099999999999998e+33,77300000.0,2.34,41.2
J1641+8049,2.19e+33,2.01,9.790000000000001e-21,4.68e+34,142000000.0,1.93,57.2
J1648-4611,1.14e+35,164.96,2.37e-14,2.0899999999999998e+35,2000000000000.0,3.82,48.4
J1653-0158,2.25e+33,1.97,1.35e-21,6.959999999999999e+33,52100000.0,3.02,500.7
J1658-5324,1.92e+33,2.44,1.08e-20,2.93e+34,164000000.0,1.92,440.1
J1702-4128,4.88e+34,182.15,5.23e-14,3.42e+35,3120000000000.0,2.0,45.2
J1705-1906,2.41e+32,298.99,4.14e-15,6.109999999999999e+33,1130000000000.0,0.49,50.5
J1709-4429,1.11e+36,102.5,9.48e-14,3.48e+36,3150000000000.0,4.52,7613.4
J1713+0747,1.5e+33,4.57,8.25e-21,3.41e+33,196000000.0,2.49,153.0
J1718-3825,1.51e+35,74.67,1.32e-14,1.25e+36,1000000000000.0,3.38,258.8
J1730-2304,3.9500000000000004e+32,8.12,1.47e-20,1.09e+33,350000000.0,1.18,64.5
J1730-3350,6.350000000000001e+34,139.51,8.41e-14,1.22e+36,3470000000000.0,4.02,39.6
J1731-4744,2.3e+32,829.89,1.64e-13,1.13e+34,11800000000000.0,0.27,0.3
J1732-3131,8.79e+33,196.54,2.8e-14,1.46e+35,2380000000000.0,2.25,1366.8
J1732-5049,2.3699999999999998e+33,5.31,1.14e-20,3e+33,249000000.0,2.89,74.1
J1739-3023,2.4000000000000003e+34,114.37,1.14e-14,3.0099999999999997e+35,1160000000000.0,1.54,74.2
J1740+1000,6.4900000000000004e+32,154.1,2.13e-14,2.3e+35,1830000000000.0,0.68,8.4
J1741+1351,2.03e+33,3.75,2.8e-20,2.1e+34,328000000.0,2.35,65.6
J1741-2054,1.28e+33,413.7,1.7e-14,9.479999999999999e+33,2680000000000.0,0.97,3563.4
J1744-1134,6.92e+32,4.07,7.11e-21,4.1599999999999997e+33,172000000.0,1.48,963.1
J1745+1017,1.34e+33,2.65,2.0500000000000003e-21,4.35e+33,74600000.0,2.34,173.0
J1747-2958,4.3e+35,98.83,6.11e-14,2.5e+36,2490000000000.0,2.91,416.8
J1747-4036,8.180000000000001e+34,1.65,1.3e-20,1.14e+35,148000000.0,2.89,166.6
J1757-2421,2.8700000000000003e+34,234.11,1.27e-14,3.92e+34,1750000000000.0,38.42,0.2
J1801-2451,5.5200000000000005e+34,124.95,8.95e-14,1.81e+36,3380000000000.0,5.6,35.3
J1805+0615,9.509999999999999e+33,2.13,1.86e-20,7.59e+34,201000000.0,2.26,88.7
J1809-2332,1.4699999999999999e+35,146.79,3.44e-14,4.2899999999999996e+35,2270000000000.0,3.64,2152.3
J1810+1744,9.729999999999999e+33,1.66,4.2400000000000005e-21,3.6600000000000003e+34,84900000.0,3.7,223.0
J1811-2405,5.55e+33,2.66,1.29e-20,2.71e+34,187000000.0,9.2,3.9
J1816+4510,1.4900000000000001e+34,3.19,4.37e-20,5.31e+34,378000000.0,3.21,204.8
J1823-3021A,9.82e+34,5.44,3.37e-18,8.27e+35,4330000000.0,4.49,105.7
J1824+1014,6.23e+33,4.07,5.46e-21,3.21e+33,151000000.0,3.81,53.0
J1824-2452A,7.730000000000001e+34,3.05,1.61e-18,2.24e+36,2250000000.0,2.83,183.4
J1828-1101,1.2999999999999998e+35,72.06,1.48e-14,1.56e+36,1050000000000.0,5.44,18.5
J1831-0952,8.82e+34,67.27,8.31e-15,1.08e+36,757000000000.0,0.93,154.1
J1833-1034,1.79e+35,61.9,2.02e-13,3.36e+37,3580000000000.0,5.21,70.6
J1833-3840,7.29e+33,1.87,1.77e-20,1.08e+35,184000000.0,2.2,42.6
J1836+5925,2.0800000000000003e+34,173.26,1.5e-15,1.14e+34,516000000000.0,2.46,24519.2
J1837-0604,7.520000000000001e+34,96.31,4.49e-14,1.9799999999999998e+36,2100000000000.0,8.66,3.3
J1843-1113,4.3299999999999996e+33,1.85,9.340000000000001e-21,5.82e+34,133000000.0,3.19,124.0
J1853-0004,1.68e+34,101.44,5.57e-15,2.11e+35,761000000000.0,1.19,1.6
J1855-1436,1.5900000000000002e+34,3.59,1.09e-20,9.29e+33,200000000.0,5.78,12.0
J1857+0143,2.92e+34,139.77,3.1e-14,4.4899999999999995e+35,2110000000000.0,1.17,7.9
J1858-2216,1.16e+33,2.38,3.5e-21,1.03e+34,92400000.0,1.94,215.9
J1901-0125,1.3e+34,2.79,3.58e-20,6.48e+34,320000000.0,3.6,124.8
J1902-5105,7.62e+33,1.74,8.580000000000001e-21,6.43e+34,124000000.0,3.69,248.6
J1903-7051,5.4600000000000004e+32,3.6,7.92e-21,6.7e+33,171000000.0,2.47,135.8
J1907+0602,2.36e+35,106.64,8.65e-14,2.81e+36,3070000000000.0,3.68,907.0
J1908+2105,3.95e+33,2.56,1.31e-20,3.0900000000000003e+34,186000000.0,5.12,16.1
J1913+0904,2.12e+34,163.25,1.76e-14,1.6e+35,1720000000000.0,2.21,57.6
J1913+1011,4.66e+34,35.91,3.38e-15,2.88e+36,353000000000.0,35.55,0.2
J1921+0137,3.35e+34,2.5,1.9e-20,4.810000000000001e+34,221000000.0,4.3,65.8
J1921+1929,2.48e+33,2.65,3.65e-20,7.740000000000001e+34,315000000.0,2.62,9.9
J1925+1720,2.9e+34,75.66,1.05e-14,9.54e+35,901000000000.0,1.83,26.4
J1932+2220,7.34e+34,144.46,5.7e-14,7.46e+35,2900000000000.0,2.56,18.1
J1935+2025,5.490000000000001e+34,80.0,6.04e-14,4.64e+36,2230000000000.0,1.78,112.7
J1939+2134,2.33e+34,1.56,1.05e-19,1.1e+36,410000000.0,3.21,76.9
J1946-5403,1.56e+33,2.71,2.6900000000000002e-21,5.33e+33,86400000.0,1.29,405.2
J1952+3252,1.59e+35,39.53,5.83e-15,3.7199999999999997e+36,486000000000.0,3.71,1393.4
J1959+2048,3.02e+33,1.61,1.24e-20,1.17e+35,143000000.0,2.14,255.9
J2006+0148,2.1499999999999999e+33,2.16,3.2900000000000002e-21,1.28e+34,85300000.0,4.16,20.2
J2006+3102,4.63e+34,163.7,2.49e-14,2.2399999999999997e+35,2040000000000.0,3.08,56.9
J2017+0603,8.339999999999999e+33,2.9,8.52e-21,1.3800000000000001e+34,159000000.0,3.85,347.9
J2017-1614,1.61e+33,2.31,2.41e-21,7.67e+33,75400000.0,4.13,65.6
J2021+3651,1.9099999999999998e+35,103.75,9.48e-14,3.35e+36,3170000000000.0,3.24,3851.9
J2021+4026,2.16e+35,265.33,5.48e-14,1.1599999999999999e+35,3860000000000.0,2.69,5037.0
J2022+3842,3.1699999999999998e+35,48.58,8.62e-14,2.97e+37,2070000000000.0,2.52,104.9
J2030+3641,4.55e+34,200.13,6.51e-15,3.2000000000000003e+34,1160000000000.0,1.97,553.1
J2030+4415,1.32e+33,227.07,5.05e-15,1.7000000000000002e+34,1080000000000.0,1.6,701.7
J2032+4127,5.280000000000001e+34,143.25,1.16e-14,1.5599999999999999e+35,1310000000000.0,4.01,433.8
J2039-3616,1.33e+33,3.27,6.34e-21,7.16e+33,146000000.0,2.41,76.0
J2039-5617,5.21e+33,2.65,1.2e-20,2.54e+34,180000000.0,4.41,124.2
J2042+0246,2.86e+32,4.53,1.41e-20,5.97e+33,255000000.0,1.08,159.1
J2043+1711,6.57e+33,2.38,4.8000000000000006e-21,1.41e+34,108000000.0,3.86,369.0
J2043+2740,2.3699999999999998e+33,96.13,1.24e-15,5.500000000000001e+34,349000000000.0,1.4,237.5
J2047+1053,3.98e+33,4.29,1.37e-20,6.83e+33,245000000.0,6.15,14.6
J2051-0827,6.46e+32,4.51,1.28e-20,5.499999999999999e+33,243000000.0,1.81,48.6
J2052+1219,1.7000000000000002e+34,1.99,2.0900000000000002e-21,1.05e+34,65200000.0,7.4,12.2
J2115+5448,8.099999999999999e+33,2.61,2.93e-20,6.5e+34,280000000.0,2.41,39.2
J2124-3358,7.8e+32,4.93,7.57e-21,2.49e+33,195000000.0,1.79,1423.3
J2129-0429,2.73e+33,7.61,2.3e-19,2.06e+34,1340000000.0,2.72,169.4
J2205+6012,5.6e+33,2.41,1.99e-20,5.62e+34,222000000.0,0.88,2.7
J2208+4056,3.15e+32,636.96,5.28e-15,8.07e+32,1860000000000.0,0.61,36.2
J2214+3000,1.41e+33,3.12,1.33e-20,1.72e+34,206000000.0,2.07,1186.7
J2215+5135,1.53e+34,2.61,2.38e-20,5.270000000000001e+34,252000000.0,4.55,128.2
J2229+6114,2.59e+35,51.65,7.53e-14,2.16e+37,2000000000000.0,4.84,1729.3
J2234+0944,5.95e+32,3.63,1.34e-20,1.11e+34,223000000.0,3.01,129.6
J2240+5832,6.22e+34,139.94,1.53e-14,2.2e+35,1480000000000.0,4.06,38.4
J2241-5236,3.25e+33,2.19,6.99e-21,2.6300000000000003e+34,125000000.0,1.93,723.9
J2256-1024,4.25e+33,2.29,1.16e-20,3.83e+34,165000000.0,2.58,150.3
J2302+4442,3.4699999999999996e+33,5.19,1.34e-20,3.77e+33,266000000.0,3.02,861.0
J2310-0555,1.62e+33,2.61,4.96e-21,1.1e+34,115000000.0,2.05,176.0
J2317+1439,2.13e+32,3.45,3.0000000000000003e-21,2.8899999999999997e+33,103000000.0,0.32,11.5
J2339-0533,5.9e+33,2.88,1.36e-20,2.25e+34,201000000.0,4.03,384.6
