NAME,LUMG,P0,P1corr,EDOTcorr,B_S,ECut_HYB,TSband
J0023+0923,3.0287848130635106e+33,0.0030499999,8.877168104456352e-21,1.2351926691412872e+34,184067869.49802348,2.54,2.6102874279022217
J0030+0451,7.428748015560652e+32,0.0048699998,1.053705702312126e-20,3.601573124509219e+33,225235406.4714137,2.35,13.118520736694336
J0034-0534,4.381005771164999e+33,0.00188,4.472542515917632e-21,2.6573004837054365e+34,97877979.31432396,3.61,10.690314292907715
J0101-6422,1.5623915804187462e+33,0.00257,3.444678109758289e-21,8.011410991098656e+33,112382938.70606706,2.54,6.588674545288086
J0102+4839,9.588008764893156e+33,0.00296,1.1555419129589411e-20,1.7590180908865804e+34,188300724.21508327,3.85,2.1840813159942627
J0218+4232,5.737234338840023e+34,0.00232,7.652572568990171e-20,2.4193752788962583e+35,428765169.6589155,4.56,14.478781700134277
J0251+2606,7.986715872983858e+32,0.00254,5.294601486008019e-21,1.2755334849078268e+34,140266693.88663188,2.21,1.0945535898208618
J0312-0921,4.4273749285921406e+32,0.0037,1.2451616719472527e-20,9.704659639127701e+33,273336912.89061004,1.65,0.431372731924057
J0340+4130,5.937729856854212e+33,0.0033,5.534749555384084e-21,6.080172365055081e+33,141187477.70935404,3.34,1.6963105201721191
J0437-4715,5.1653633252206345e+31,0.0057600001,1.3985816534121124e-20,2.889216528552538e+33,581226772.6352175,0.7,14.809799194335938
J0610-2100,4.1862252537540887e+33,0.0038600001,5.102361388762091e-21,3.5024262921144116e+33,220722853.59125674,1.99,3.809743881225586
J0613-0200,2.77719162213573e+33,0.00306,8.876083599885363e-21,1.2229729217306463e+34,173335898.5635425,3.06,8.142389297485352
J0614-3329,5.442666815305519e+33,0.00315,1.7963490219150953e-20,2.268917982630246e+34,239595403.4337969,4.06,18.15029525756836
J0740+6620,4.479781156756598e+32,0.00288,3.701169232436154e-21,6.116756845587312e+33,189603894.8231003,2.91,1.2216681241989136
J0751+1807,1.4832406081025476e+33,0.00348,5.931238294024619e-21,5.556065763046553e+33,166563907.74671838,1.96,0.14644399285316467
J0931-1902,2.3877777709837744e+33,0.0046399999,3.3212533211138263e-21,1.3125257269926676e+33,131255463.12462464,0.75,0.487638384103775
J0955-6150,4.361565832266316e+33,0.00199,1.4624551675329942e-20,7.326272511964895e+34,170451727.43279046,3.42,1.3692553043365479
J1012-4235,9.315387021602372e+31,0.0031000001,6.552421008227374e-21,8.683132081799686e+33,144255020.46489438,5.3,1.9192214012145996
J1024-0719,7.668775734156683e+32,0.0051600002,-3.5331310480495835e-20,-1.0152437569768589e+34,313091229.2184279,2.57,2.337763786315918
J1035-6720,4.8077758808090906e+33,0.00287,4.5605859649344196e-20,7.616136041008813e+34,369477215.3496013,2.2,0.23614810407161713
J1036-8317,2.291812257776507e+33,0.0034099999,2.8954125873569534e-20,2.8827507648857996e+34,326909552.18351835,2.57,0.0
J1048+2339,1.0206138304208845e+33,0.0046700002,2.51085242926313e-20,9.732630324192141e+33,379187228.19182384,4.5,3.565492630004883
J1124-3653,1.464723888502326e+33,0.00241,5.9112903385830114e-21,1.6672122768537627e+34,119130069.10027617,3.45,2.453138828277588
J1125-5825,2.347974253149961e+33,0.0031000001,5.997675077811287e-20,7.947994309120627e+34,439776247.98491436,3.28,0.0
J1125-6014,3.6110607913167905e+32,0.00263,2.0770205476678827e-21,4.5074745595368985e+33,100394119.69589637,1.73,0.0
J1207-5050,9.200847117333758e+32,0.0048400001,5.881380043765944e-21,2.0478722848974583e+33,173694458.01425582,1.74,0.027983317151665688
J1227-4853,6.979371648533612e+33,0.0016899999,1.0675936837032202e-20,8.731838520793085e+34,151876675.20008644,5.5,2.343266725540161
J1231-1411,2.1325564400331305e+33,0.0036800001,7.176926131079212e-21,5.685317479138723e+33,282621404.0647839,2.55,11.277474403381348
J1301+0833,2.8829776192022835e+33,0.00184,6.890124242332498e-21,4.366498555658831e+34,140642560.6715053,2.48,4.157002925872803
J1302-3258,2.6702145416742005e+33,0.0037700001,4.903463214993041e-21,3.612755519214221e+33,159048774.19914332,2.41,1.9083935022354126
J1311-3430,1.8110584418793415e+34,0.0025599999,2.0512726611067327e-20,4.826844228835979e+34,234048747.3935448,5.06,17.472030639648438
J1312+0051,3.7785696856439764e+33,0.0042300001,8.695170126826117e-21,4.535411401308705e+33,272133149.5053055,1.93,2.4495835304260254
J1400-1431,5.930369166843254e+31,0.0030799999,3.616805728537129e-21,4.886892789401535e+33,151073812.4149261,1.98,0.5329344868659973
J1431-4715,1.7445641368365868e+33,0.0020099999,1.116598476882742e-20,5.428360234187279e+34,170449867.65571278,2.16,1.3618594408035278
J1446-4701,2.26363053980108e+33,0.0021899999,9.626861091797619e-21,3.6183631931463665e+34,148288527.00032574,3.86,3.6543571949005127
J1455-3330,6.356473389059472e+31,0.0079899998,2.3653044250610393e-20,1.8306548716287994e+33,445888013.6065633,1.45,0.0
J1513-2550,1.4268509460729422e+34,0.0021200001,2.0942012287155973e-20,8.677018083236837e+34,215953152.7106935,3.14,1.5764442682266235
J1514-4946,4.1272774500079225e+33,0.0035900001,1.7107829989426445e-20,1.4597257879154086e+34,262168939.64425156,4.39,2.032031536102295
J1536-4948,9.139782385364106e+33,0.0030799999,2.0656394917090126e-20,2.7910149162528346e+34,258487540.50679827,5.84,5.35058069229126
J1543-5149,2.7804966464494194e+33,0.0020600001,1.5981861707653733e-20,7.217476536975707e+34,184629948.07370952,3.3,0.0
J1544+4937,2.5260664033820842e+33,0.0021599999,2.143044691407789e-21,8.395175347892661e+33,83064865.55347177,3.53,0.0
J1600-3053,3.4150338643975385e+33,0.0035999999,8.518679923231664e-21,7.208162540134823e+33,187122265.66964096,3.08,0.7328696250915527
J1614-2230,1.51678378461596e+33,0.00315,3.980374177647371e-21,5.02749879844233e+33,176167648.07340893,2.08,0.4312482178211212
J1622-0315,1.3118456597508683e+33,0.00385,9.602478971554817e-21,6.642948919374532e+33,212204906.0091048,3.75,0.26369673013687134
J1628-3205,1.9230511782232217e+33,0.00321,9.979015316282926e-21,1.1910564044494045e+34,220544675.78027162,2.17,1.4626939296722412
J1630+3734,1.0061247521595217e+33,0.0033199999,8.037419716984623e-21,8.670859972789267e+33,190619271.54905954,1.86,0.7444242835044861
J1640+2224,6.2079369769309115e+32,0.0031600001,1.844969690910613e-21,2.3082757211617577e+33,95466997.39758189,2.34,0.0
J1653-0158,2.2493441236264597e+33,0.0019700001,1.3472883239952441e-21,6.956992548086396e+33,69565483.65956512,3.02,8.45177173614502
J1658-5324,1.9173545332905476e+33,0.00244,1.0778970123134631e-20,2.929324782870049e+34,165769435.93063635,1.92,0.8474593758583069
J1713+0747,1.497629796309541e+33,0.0045699999,8.246191504048336e-21,3.4108653984436594e+33,199752470.1647301,2.49,1.5114139318466187
J1730-2304,3.947425651649372e+32,0.0081200004,1.473006367656117e-20,1.0861660125493458e+33,409627521.2282287,1.18,0.0
J1732-5049,2.3671490359020682e+33,0.0053099999,1.137411211444517e-20,2.999119031787435e+33,277713390.67765135,2.89,1.095410704612732
J1741+1351,2.0327800225668558e+33,0.0037499999,2.8011084516525145e-20,2.096987743878634e+34,340600797.4283217,2.35,1.9202868938446045
J1744-1134,6.923294630614243e+32,0.0040699998,7.112662248638465e-21,4.16494009610275e+33,192927750.47332838,1.48,3.240816593170166
J1745+1017,1.340070221920809e+33,0.0026499999,2.0518855194778857e-21,4.352865927426361e+33,82686841.53510699,2.34,0.9136859774589539
J1747-4036,8.1799619675067255e+34,0.00165,1.2969482962487495e-20,1.1398050243608093e+35,149892877.3886058,2.89,1.7672559022903442
J1805+0615,9.510878314195985e+33,0.0021299999,1.8588799789619658e-20,7.594030506637048e+34,222817752.19001076,2.26,0.3027518689632416
J1810+1744,9.728961050705494e+33,0.00166,4.239677017588278e-21,3.6590491697071346e+34,88673747.80251637,3.7,6.623086452484131
J1811-2405,5.548466383785664e+33,0.00266,1.28961059006002e-20,2.705038294336911e+34,190841318.74366516,9.2,0.3011625111103058
J1816+4510,1.4880489006739657e+34,0.0031900001,4.3690688192348393e-20,5.313449193152848e+34,375125377.40794855,3.21,3.1146867275238037
B1820-30A,9.816206979122078e+34,0.005440004525102307,3.3718949685900916e-18,8.268676329220391e+35,4336372363.901028,4.49,2.3293349742889404
B1821-24A,7.729009454564676e+34,0.0030543158020746915,1.613932133429183e-18,2.2361616134322637e+36,2249989640.7489376,2.83,0.8941057324409485
J1843-1113,4.33473527794046e+33,0.00185,9.337038439121391e-21,5.821751962372565e+34,134544208.87714767,3.19,1.8419828414916992
J1858-2216,1.1599688371114833e+33,0.00238,3.503710708199153e-21,1.0260230229250255e+34,97108481.93131186,1.94,0.3340999186038971
J1902-5105,7.61536396364839e+33,0.00174,8.582970105730252e-21,6.432052665662395e+34,126621974.88497244,3.69,3.6737849712371826
J1903-7051,5.46345171093343e+32,0.0035999999,7.917898186827291e-21,6.699805324442616e+33,195585109.26685223,2.47,0.462654173374176
J1908+2105,3.9513066910150873e+33,0.0025599999,1.3140107579131325e-20,3.0919952104462715e+34,190391719.16038412,5.12,1.4601603746414185
J1921+0137,3.351188992934415e+34,0.0024999999,1.9024243262365835e-20,4.806701505562951e+34,219215903.1850557,4.3,1.9436088800430298
J1921+1929,2.4760149653093433e+33,0.0026499999,3.6500020979203576e-20,7.743107310935675e+34,321919268.27795833,2.62,1.175169587135315
B1937+21,2.3303997406136335e+34,0.00156,1.0545821603417797e-19,1.0966457554724825e+36,409720647.54530436,3.21,1.1769330501556396
B1957+20,3.02460659574543e+33,0.00161,1.2353282389305904e-20,1.1685962218924935e+35,166513394.25179088,2.14,2.5426886081695557
J2017+0603,8.344107714571106e+33,0.0029,8.51623475571122e-21,1.3785209401890626e+34,156982502.88634783,3.85,2.509938955307007
J2039-3616,1.327546383457035e+33,0.00327,6.339301186331251e-21,7.157442450345917e+33,167959688.19784197,2.41,1.535220742225647
J2039-5617,5.212917662417537e+33,0.0026499999,1.1965895729757438e-20,2.5384427795197516e+34,196027833.7662141,4.41,6.437958717346191
J2042+0246,2.855747040565241e+32,0.00453,1.4068075392096926e-20,5.974475957126945e+33,255892697.12157714,1.08,2.6685123443603516
J2043+1711,6.569539756391879e+33,0.00238,4.802836320215422e-21,1.4064576245834943e+34,117852584.30632819,3.86,5.299173355102539
J2047+1053,3.9810932649201953e+33,0.0042900001,1.3668704432261766e-20,6.83463273533748e+33,303704692.68456185,6.15,0.2772585451602936
J2051-0827,6.4614397379222255e+32,0.0045099999,1.2773326841714253e-20,5.497106676549014e+33,242497269.07577997,1.81,0.0
J2052+1219,1.6971129362281428e+34,0.00199,2.0865994492689277e-21,1.045296739895799e+34,116983240.35258882,7.4,1.8826857805252075
J2115+5448,8.099913490024349e+33,0.0026100001,2.929439531966077e-20,6.504631571273216e+34,304806086.29234284,2.41,0.5972563028335571
J2124-3358,7.798072008757191e+32,0.0049299998,7.56834255544917e-21,2.493559941341601e+33,322219939.77934396,1.79,3.5304296016693115
J2129-0429,2.730481935630523e+33,0.0076100002,2.3008725944196404e-19,2.06109639378853e+34,1358875632.933163,2.72,2.059312105178833
J2205+6012,5.601005665335298e+33,0.00241,1.9918479659707e-20,5.617780877412596e+34,220993882.9321683,0.88,0.0
J2214+3000,1.406235279075255e+33,0.00312,1.3258995275000539e-20,1.7234812797144504e+34,218895145.63754547,2.07,7.264474868774414
J2215+5135,1.525518176358037e+34,0.0026100001,2.375455476643766e-20,5.274545700952135e+34,249995704.75120497,4.55,3.941066265106201
J2234+0944,5.945084840634407e+32,0.0036299999,1.3427052757404004e-20,1.108206244140999e+34,270172200.937259,3.01,1.4028818607330322
J2241-5236,3.251661730470283e+33,0.0021899999,6.992491103870967e-21,2.6282058292300137e+34,139667345.07342228,1.93,2.0448484420776367
J2256-1024,4.245621824035438e+33,0.00229,1.1636377073066388e-20,3.8253491071753443e+34,163153268.39460778,2.58,3.812495708465576
J2302+4442,3.471646066794951e+33,0.0051899999,1.3354522327939388e-20,3.771256283802209e+33,265841451.27208453,3.02,6.428962230682373
J2317+1439,2.1349279990489066e+32,0.00345,3.001199940185402e-21,2.885342552022912e+33,92653863.76278442,0.32,0.0
J2339-0533,5.901209906994941e+33,0.00288,1.3642304015382928e-20,2.254602565707357e+34,203855932.51657006,4.03,9.525035858154297
