Name,LUMG,P,PdotCor,EdotCor,"BdotS,Cor",ECut_HYB,NAME,TSband
J0002+6216,9.01e+33,115.36,5.97e-15,1.5299999999999998e+35,840000000000.0,2.55,J0002+6216,1.4661104679107666
J0007+7303,1.01e+35,315.89,3.56e-13,4.46e+35,10700000000000.0,4.8,J0007+7303,18.01445770263672
J0023+0923,3.03e+33,3.05,8.880000000000001e-21,1.24e+34,167000000.0,2.54,J0023+0923,2.6102874279022217
J0030+0451,7.43e+32,4.87,1.05e-20,3.6e+33,229000000.0,2.35,J0030+0451,13.118520736694336
J0034-0534,4.38e+33,1.88,4.47e-21,2.66e+34,92800000.0,3.61,J0034-0534,10.690314292907715
J0101-6422,1.56e+33,2.57,3.44e-21,8.01e+33,95200000.0,2.54,J0101-6422,6.588674545288086
J0102+4839,9.59e+33,2.96,1.16e-20,1.7600000000000002e+34,187000000.0,3.85,J0102+4839,2.1840813159942627
J0106+4855,2.16e+34,83.16,4.28e-16,2.94e+34,191000000000.0,2.99,J0106+4855,2.0584449768066406
J0205+6449,7.88e+34,65.75,1.92e-13,2.67e+37,3600000000000.0,4.12,J0205+6449,7.503277778625488
J0218+4232,5.7400000000000005e+34,2.32,7.65e-20,2.42e+35,426000000.0,4.56,J0218+4232,14.478781700134277
J0248+4230,7.95e+32,2.6,1.68e-20,3.78e+34,212000000.0,1.58,J0248+4230,0
J0248+6021,1.41e+34,217.12,5.52e-14,2.13e+35,3500000000000.0,1.38,J0248+6021,2.739530563354492
J0251+2606,7.990000000000001e+32,2.54,5.290000000000001e-21,1.28e+34,117000000.0,2.21,J0251+2606,1.0945535898208618
J0307+7443,2.93e+32,3.16,1.71e-20,2.17e+34,235000000.0,1.72,J0307+7443,2.115001916885376
J0312-0921,4.43e+32,3.7,1.25e-20,9.700000000000001e+33,217000000.0,1.65,J0312-0921,0.431372731924057
J0318+0253,1.33e+33,5.19,1.76e-20,4.98e+33,306000000.0,2.2,J0318+0253,1.1844077110290527
J0340+4130,5.94e+33,3.3,5.53e-21,6.079999999999999e+33,137000000.0,3.34,J0340+4130,1.6963105201721191
J0418+6635,6.02e+33,2.91,1.37e-20,2.1900000000000003e+34,202000000.0,4.09,J0418+6635,1.6797300577163696
J0437-4715,5.17e+31,5.76,1.4e-20,2.89e+33,287000000.0,0.7,J0437-4715,14.809799194335938
J0514-4408,6.23e+32,320.27,2.04e-15,2.45e+33,818000000000.0,0.85,J0514-4408,4.368493556976318
J0533+6759,6.379999999999999e+33,4.39,1.26e-20,5.9e+33,238000000.0,3.61,J0533+6759,2.799834966659546
J0605+3757,3.56e+31,2.73,4.72e-21,9.17e+33,115000000.0,1.55,J0605+3757,0
J0610-2100,4.19e+33,3.86,5.100000000000001e-21,3.5e+33,142000000.0,1.99,J0610-2100,3.809743881225586
J0613-0200,2.78e+33,3.06,8.880000000000001e-21,1.22e+34,167000000.0,3.06,J0613-0200,8.142389297485352
J0614-3329,5.44e+33,3.15,1.8e-20,2.27e+34,241000000.0,4.06,J0614-3329,18.15029525756836
J0621+2514,1.3099999999999998e+33,2.72,2.49e-20,4.87e+34,263000000.0,1.47,J0621+2514,0.3885609209537506
J0631+0646,4.03e+34,110.98,3.62e-15,1.04e+35,641000000000.0,2.66,J0631+0646,0.4464627504348755
J0631+1036,1.61e+34,287.82,1.03e-13,1.7e+35,5500000000000.0,3.39,J0631+1036,3.7286581993103027
J0633+1746,1.82e+34,237.1,1.1e-14,3.25e+34,1630000000000.0,2.79,J0633+1746,141.31082153320312
J0653+4706,1.95e+32,4.75,2.08e-20,7.61e+33,318000000.0,0.93,J0653+4706,0
J0729-1448,5.16e+33,251.71,1.13e-13,2.81e+35,5410000000000.0,4.43,J0729-1448,0.49634644389152527
J0740+6620,4.48e+32,2.88,3.7e-21,6.12e+33,104000000.0,2.91,J0740+6620,1.2216681241989136
J0751+1807,1.48e+33,3.48,5.930000000000001e-21,5.56e+33,145000000.0,1.96,J0751+1807,0.14644399285316467
J0931-1902,2.39e+33,4.64,3.3200000000000002e-21,1.3099999999999998e+33,126000000.0,0.75,J0931-1902,0.487638384103775
J0940-5428,2.97e+32,87.56,3.28e-14,1.93e+36,1710000000000.0,2.5,J0940-5428,0.2848094403743744
J0952-0607,1.0999999999999999e+34,1.41,4.76e-21,6.6500000000000005e+34,82900000.0,1.47,J0952-0607,0
J0955-6150,4.36e+33,1.99,1.46e-20,7.33e+34,173000000.0,3.42,J0955-6150,1.3692553043365479
J1012-4235,9.32e+31,3.1,6.550000000000001e-21,8.68e+33,144000000.0,5.3,J1012-4235,1.9192214012145996
J1016-5857,8.38e+34,107.4,8.04e-14,2.56e+36,2970000000000.0,3.92,J1016-5857,0.549286961555481
J1019-5749,3.88e+35,162.51,2.01e-14,1.85e+35,1830000000000.0,5.82,J1019-5749,0.7788713574409485
J1024-0719,7.67e+32,5.16,1.86e-20,5.33e+33,313000000.0,2.57,J1024-0719,2.337763786315918
J1028-5819,5.940000000000001e+34,91.4,1.42e-14,7.339999999999999e+35,1150000000000.0,3.99,J1028-5819,4.586716175079346
J1035-6720,4.81e+33,2.87,4.56e-20,7.62e+34,366000000.0,2.2,J1035-6720,0.23614810407161713
J1036-8317,2.29e+33,3.41,2.9e-20,2.88e+34,318000000.0,2.57,J1036-8317,0
J1048+2339,1.02e+33,4.67,2.51e-20,9.73e+33,347000000.0,4.5,J1048+2339,3.565492630004883
J1055-6028,3.36e+34,99.66,1.09e-12,4.329999999999999e+37,10500000000000.0,3.9,J1055-6028,0.20845241844654083
J1105-6107,1.56e+34,63.2,1.58e-14,2.48e+36,1010000000000.0,3.59,J1105-6107,0.7119598984718323
J1112-6103,5.33e+34,64.97,3.15e-14,4.54e+36,1450000000000.0,5.78,J1112-6103,0
J1119-6127,3.71e+35,409.14,4.04e-12,2.33e+36,41200000000000.0,2.49,J1119-6127,0.36953118443489075
J1124-3653,1.46e+33,2.41,5.91e-21,1.67e+34,121000000.0,3.45,J1124-3653,2.453138828277588
J1124-5916,1.6799999999999998e+35,135.54,7.51e-13,1.19e+37,10200000000000.0,4.08,J1124-5916,5.432439804077148
J1125-5825,2.35e+33,3.1,6e-20,7.950000000000001e+34,436000000.0,3.28,J1125-5825,0
J1125-6014,3.61e+32,2.63,2.08e-21,4.51e+33,74800000.0,1.73,J1125-6014,0
J1137+7528,1.06e+33,2.51,3.2e-21,7.96e+33,90700000.0,1.73,J1137+7528,0
J1142+0119,3.63e+33,5.08,1.5e-20,4.52e+33,279000000.0,3.87,J1142+0119,2.363635301589966
J1151-6108,6.099999999999999e+33,101.63,1.03e-14,3.87e+35,1030000000000.0,2.45,J1151-6108,0
J1207-5050,9.2e+32,4.84,5.880000000000001e-21,2.05e+33,171000000.0,1.74,J1207-5050,0.027983317151665688
J1221-0633,1.09e+33,1.93,1.09e-20,5.920000000000001e+34,146000000.0,3.13,J1221-0633,2.466735601425171
J1227-4853,6.98e+33,1.69,1.07e-20,8.73e+34,136000000.0,5.5,J1227-4853,2.343266725540161
J1231-1411,2.13e+33,3.68,7.18e-21,5.69e+33,164000000.0,2.55,J1231-1411,11.277474403381348
J1253-5820,1.37e+33,255.5,2.11e-15,4.98e+33,742000000000.0,0.82,J1253-5820,0.6386910676956177
J1301+0833,2.88e+33,1.84,6.890000000000001e-21,4.370000000000001e+34,114000000.0,2.48,J1301+0833,4.157002925872803
J1302-3258,2.67e+33,3.77,4.9e-21,3.61e+33,138000000.0,2.41,J1302-3258,1.9083935022354126
J1311-3430,1.81e+34,2.56,2.05e-20,4.8300000000000005e+34,232000000.0,5.06,J1311-3430,17.472030639648438
J1312+0051,3.78e+33,4.23,8.7e-21,4.54e+33,194000000.0,1.93,J1312+0051,2.4495835304260254
J1357-6429,3.39e+34,166.19,3.54e-13,3.05e+36,7770000000000.0,1.92,J1357-6429,0.9560235738754272
J1400-1431,5.93e+31,3.08,3.6200000000000004e-21,4.89e+33,107000000.0,1.98,J1400-1431,0.5329344868659973
J1410-6132,4.98e+35,50.06,3.18e-14,1e+37,1280000000000.0,2.24,J1410-6132,0.8946872353553772
J1418-6058,9.1e+34,110.58,1.71e-13,4.99e+36,4400000000000.0,3.6,J1418-6058,0.47357621788978577
J1420-6048,4.9e+35,68.21,8.24e-14,1.03e+37,2400000000000.0,3.21,J1420-6048,0.5878438353538513
J1431-4715,1.7399999999999998e+33,2.01,1.12e-20,5.43e+34,152000000.0,2.16,J1431-4715,1.3618594408035278
J1446-4701,2.26e+33,2.19,9.63e-21,3.62e+34,147000000.0,3.86,J1446-4701,3.6543571949005127
J1455-3330,6.36e+31,7.99,2.37e-20,1.83e+33,440000000.0,1.45,J1455-3330,0
J1509-5850,1.66e+35,88.92,9.2e-15,5.17e+35,915000000000.0,4.1,J1509-5850,1.2744601964950562
J1513-2550,1.43e+34,2.12,2.09e-20,8.68e+34,213000000.0,3.14,J1513-2550,1.5764442682266235
J1514-4946,4.13e+33,3.59,1.71e-20,1.46e+34,251000000.0,4.39,J1514-4946,2.032031536102295
J1531-5610,1.7600000000000002e+34,84.21,1.38e-14,9.12e+35,1090000000000.0,1.38,J1531-5610,0
J1536-4948,9.14e+33,3.08,2.07e-20,2.79e+34,255000000.0,5.84,J1536-4948,5.35058069229126
J1543-5149,2.78e+33,2.06,1.6e-20,7.22e+34,184000000.0,3.3,J1543-5149,0
J1544+4937,2.53e+33,2.16,2.14e-21,8.4e+33,68800000.0,3.53,J1544+4937,0
J1552+5437,2.28e+33,2.43,2.82e-21,7.789999999999999e+33,83800000.0,3.39,J1552+5437,1.15743887424469
J1555-2908,1.45e+34,1.79,4.45e-20,3.08e+35,286000000.0,3.97,J1555-2908,1.5625046491622925
J1600-3053,3.42e+33,3.6,8.52e-21,7.209999999999999e+33,177000000.0,3.08,J1600-3053,0.7328696250915527
J1614-2230,1.5199999999999998e+33,3.15,3.9800000000000006e-21,5.03e+33,113000000.0,2.08,J1614-2230,0.4312482178211212
J1622-0315,1.3099999999999998e+33,3.85,9.6e-21,6.639999999999999e+33,195000000.0,3.75,J1622-0315,0.26369673013687134
J1625-0021,2.24e+33,2.83,2.13e-20,3.6999999999999996e+34,249000000.0,1.91,J1625-0021,3.145991802215576
J1628-3205,1.92e+33,3.21,9.98e-21,1.19e+34,181000000.0,2.17,J1628-3205,1.4626939296722412
J1630+3734,1.01e+33,3.32,8.04e-21,8.669999999999999e+33,165000000.0,1.86,J1630+3734,0.7444242835044861
J1640+2224,6.21e+32,3.16,1.8400000000000002e-21,2.31e+33,77300000.0,2.34,J1640+2224,0
J1641+8049,2.19e+33,2.01,9.79e-21,4.68e+34,142000000.0,1.93,J1641+8049,0.44869881868362427
J1648-4611,1.14e+35,164.96,2.37e-14,2.09e+35,2000000000000.0,3.82,J1648-4611,0
J1653-0158,2.25e+33,1.97,1.35e-21,6.959999999999999e+33,52100000.0,3.02,J1653-0158,8.45177173614502
J1658-5324,1.92e+33,2.44,1.08e-20,2.93e+34,164000000.0,1.92,J1658-5324,0.8474593758583069
J1702-4128,4.88e+34,182.15,5.23e-14,3.42e+35,3120000000000.0,2.0,J1702-4128,0.013965585269033909
J1713+0747,1.5000000000000002e+33,4.57,8.25e-21,3.41e+33,196000000.0,2.49,J1713+0747,1.5114139318466187
J1718-3825,1.51e+35,74.67,1.32e-14,1.25e+36,1000000000000.0,3.38,J1718-3825,1.693525791168213
J1730-2304,3.95e+32,8.12,1.47e-20,1.09e+33,350000000.0,1.18,J1730-2304,0
J1732-3131,8.79e+33,196.54,2.8e-14,1.46e+35,2380000000000.0,2.25,J1732-3131,1.135843276977539
J1732-5049,2.37e+33,5.31,1.14e-20,3e+33,249000000.0,2.89,J1732-5049,1.095410704612732
J1739-3023,2.4000000000000003e+34,114.37,1.14e-14,3.01e+35,1160000000000.0,1.54,J1739-3023,0
J1740+1000,6.49e+32,154.1,2.13e-14,2.3e+35,1830000000000.0,0.68,J1740+1000,2.991476058959961
J1741+1351,2.03e+33,3.75,2.8e-20,2.0999999999999997e+34,328000000.0,2.35,J1741+1351,1.9202868938446045
J1741-2054,1.28e+33,413.7,1.7e-14,9.48e+33,2680000000000.0,0.97,J1741-2054,11.655765533447266
J1744-1134,6.92e+32,4.07,7.11e-21,4.16e+33,172000000.0,1.48,J1744-1134,3.240816593170166
J1745+1017,1.34e+33,2.65,2.0500000000000003e-21,4.35e+33,74600000.0,2.34,J1745+1017,0.9136859774589539
J1747-2958,4.3e+35,98.83,6.11e-14,2.5e+36,2490000000000.0,2.91,J1747-2958,1.2914398908615112
J1747-4036,8.180000000000001e+34,1.65,1.3e-20,1.14e+35,148000000.0,2.89,J1747-4036,1.7672559022903442
J1805+0615,9.51e+33,2.13,1.86e-20,7.59e+34,201000000.0,2.26,J1805+0615,0.3027518689632416
J1809-2332,1.47e+35,146.79,3.44e-14,4.29e+35,2270000000000.0,3.64,J1809-2332,4.942564487457275
J1810+1744,9.73e+33,1.66,4.240000000000001e-21,3.66e+34,84900000.0,3.7,J1810+1744,6.623086452484131
J1811-2405,5.55e+33,2.66,1.29e-20,2.71e+34,187000000.0,9.2,J1811-2405,0.3011625111103058
J1816+4510,1.49e+34,3.19,4.37e-20,5.31e+34,378000000.0,3.21,J1816+4510,3.1146867275238037
J1824+1014,6.23e+33,4.07,5.46e-21,3.21e+33,151000000.0,3.81,J1824+1014,1.322791337966919
J1828-1101,1.2999999999999998e+35,72.06,1.48e-14,1.56e+36,1050000000000.0,5.44,J1828-1101,1.6649689674377441
J1831-0952,8.82e+34,67.27,8.31e-15,1.08e+36,757000000000.0,0.93,J1831-0952,1.66890287399292
J1833-1034,1.79e+35,61.9,2.02e-13,3.36e+37,3580000000000.0,5.21,J1833-1034,1.653913140296936
J1833-3840,7.29e+33,1.87,1.77e-20,1.08e+35,184000000.0,2.2,J1833-3840,0
J1836+5925,2.0800000000000003e+34,173.26,1.5e-15,1.14e+34,516000000000.0,2.46,J1836+5925,67.59769439697266
J1837-0604,7.520000000000001e+34,96.31,4.49e-14,1.98e+36,2100000000000.0,8.66,J1837-0604,0
J1843-1113,4.33e+33,1.85,9.34e-21,5.82e+34,133000000.0,3.19,J1843-1113,1.8419828414916992
J1853-0004,1.68e+34,101.44,5.57e-15,2.11e+35,761000000000.0,1.19,J1853-0004,0
J1855-1436,1.5900000000000002e+34,3.59,1.09e-20,9.29e+33,200000000.0,5.78,J1855-1436,0.6600804924964905
J1857+0143,2.92e+34,139.77,3.1e-14,4.49e+35,2110000000000.0,1.17,J1857+0143,0
J1858-2216,1.16e+33,2.38,3.5e-21,1.03e+34,92400000.0,1.94,J1858-2216,0.3340999186038971
J1901-0125,1.3e+34,2.79,3.58e-20,6.48e+34,320000000.0,3.6,J1901-0125,0.6458346247673035
J1902-5105,7.62e+33,1.74,8.580000000000001e-21,6.43e+34,124000000.0,3.69,J1902-5105,3.6737849712371826
J1903-7051,5.46e+32,3.6,7.92e-21,6.7e+33,171000000.0,2.47,J1903-7051,0.462654173374176
J1907+0602,2.36e+35,106.64,8.65e-14,2.81e+36,3070000000000.0,3.68,J1907+0602,4.302446365356445
J1908+2105,3.95e+33,2.56,1.31e-20,3.0900000000000003e+34,186000000.0,5.12,J1908+2105,1.4601603746414185
J1913+0904,2.12e+34,163.25,1.76e-14,1.6e+35,1720000000000.0,2.21,J1913+0904,1.5548380613327026
J1913+1011,4.66e+34,35.91,3.38e-15,2.88e+36,353000000000.0,35.55,J1913+1011,0
J1921+0137,3.35e+34,2.5,1.9e-20,4.810000000000001e+34,221000000.0,4.3,J1921+0137,1.9436088800430298
J1921+1929,2.48e+33,2.65,3.65e-20,7.740000000000001e+34,315000000.0,2.62,J1921+1929,1.175169587135315
J1925+1720,2.8999999999999997e+34,75.66,1.05e-14,9.54e+35,901000000000.0,1.83,J1925+1720,0.5519251227378845
J1935+2025,5.490000000000001e+34,80.0,6.04e-14,4.64e+36,2230000000000.0,1.78,J1935+2025,1.9162414073944092
J1946-5403,1.56e+33,2.71,2.6900000000000002e-21,5.33e+33,86400000.0,1.29,J1946-5403,5.421322822570801
J2006+0148,2.15e+33,2.16,3.2900000000000002e-21,1.28e+34,85300000.0,4.16,J2006+0148,0.05657201632857323
J2006+3102,4.63e+34,163.7,2.49e-14,2.24e+35,2040000000000.0,3.08,J2006+3102,0
J2017+0603,8.339999999999999e+33,2.9,8.52e-21,1.38e+34,159000000.0,3.85,J2017+0603,2.509938955307007
J2017-1614,1.61e+33,2.31,2.41e-21,7.67e+33,75400000.0,4.13,J2017-1614,2.219973564147949
J2021+3651,1.91e+35,103.75,9.48e-14,3.35e+36,3170000000000.0,3.24,J2021+3651,5.698971748352051
J2021+4026,2.16e+35,265.33,5.48e-14,1.16e+35,3860000000000.0,2.69,J2021+4026,3.2066843509674072
J2022+3842,3.17e+35,48.58,8.62e-14,2.97e+37,2070000000000.0,2.52,J2022+3842,2.1842174530029297
J2030+3641,4.55e+34,200.13,6.51e-15,3.2000000000000003e+34,1160000000000.0,1.97,J2030+3641,0
J2030+4415,1.32e+33,227.07,5.05e-15,1.7000000000000002e+34,1080000000000.0,1.6,J2030+4415,2.2455520629882812
J2032+4127,5.280000000000001e+34,143.25,1.16e-14,1.56e+35,1310000000000.0,4.01,J2032+4127,0.8995710015296936
J2039-3616,1.33e+33,3.27,6.34e-21,7.16e+33,146000000.0,2.41,J2039-3616,1.535220742225647
J2039-5617,5.21e+33,2.65,1.2e-20,2.54e+34,180000000.0,4.41,J2039-5617,6.437958717346191
J2042+0246,2.86e+32,4.53,1.41e-20,5.97e+33,255000000.0,1.08,J2042+0246,2.6685123443603516
J2043+1711,6.57e+33,2.38,4.800000000000001e-21,1.41e+34,108000000.0,3.86,J2043+1711,5.299173355102539
J2043+2740,2.37e+33,96.13,1.24e-15,5.500000000000001e+34,349000000000.0,1.4,J2043+2740,2.8723716735839844
J2047+1053,3.98e+33,4.29,1.37e-20,6.83e+33,245000000.0,6.15,J2047+1053,0.2772585451602936
J2051-0827,6.46e+32,4.51,1.28e-20,5.499999999999999e+33,243000000.0,1.81,J2051-0827,0
J2052+1219,1.7000000000000002e+34,1.99,2.0900000000000002e-21,1.05e+34,65200000.0,7.4,J2052+1219,1.8826857805252075
J2115+5448,8.099999999999999e+33,2.61,2.93e-20,6.499999999999999e+34,280000000.0,2.41,J2115+5448,0.5972563028335571
J2124-3358,7.8e+32,4.93,7.57e-21,2.49e+33,195000000.0,1.79,J2124-3358,3.5304296016693115
J2129-0429,2.73e+33,7.61,2.3e-19,2.06e+34,1340000000.0,2.72,J2129-0429,2.059312105178833
J2205+6012,5.6e+33,2.41,1.99e-20,5.62e+34,222000000.0,0.88,J2205+6012,0
J2208+4056,3.15e+32,636.96,5.28e-15,8.07e+32,1860000000000.0,0.61,J2208+4056,2.630326271057129
J2214+3000,1.41e+33,3.12,1.33e-20,1.72e+34,206000000.0,2.07,J2214+3000,7.264474868774414
J2215+5135,1.53e+34,2.61,2.38e-20,5.270000000000001e+34,252000000.0,4.55,J2215+5135,3.941066265106201
J2229+6114,2.59e+35,51.65,7.53e-14,2.16e+37,2000000000000.0,4.84,J2229+6114,5.903661251068115
J2234+0944,5.95e+32,3.63,1.34e-20,1.11e+34,223000000.0,3.01,J2234+0944,1.4028818607330322
J2240+5832,6.22e+34,139.94,1.53e-14,2.2e+35,1480000000000.0,4.06,J2240+5832,0.2505681812763214
J2241-5236,3.25e+33,2.19,6.99e-21,2.6300000000000003e+34,125000000.0,1.93,J2241-5236,2.0448484420776367
J2256-1024,4.25e+33,2.29,1.16e-20,3.83e+34,165000000.0,2.58,J2256-1024,3.812495708465576
J2302+4442,3.47e+33,5.19,1.34e-20,3.77e+33,266000000.0,3.02,J2302+4442,6.428962230682373
J2310-0555,1.62e+33,2.61,4.96e-21,1.0999999999999999e+34,115000000.0,2.05,J2310-0555,1.2826231718063354
J2317+1439,2.13e+32,3.45,3.0000000000000007e-21,2.89e+33,103000000.0,0.32,J2317+1439,0
J2339-0533,5.9e+33,2.88,1.36e-20,2.25e+34,201000000.0,4.03,J2339-0533,9.525035858154297
